"year","intensity_SDA","Reference_key","Scenario_key","Region","Sector"
2020,11.5054407057975,"IPCC_normative","IMAGE","Africa","Combined"
2021,10.9897611413437,"IPCC_normative","IMAGE","Africa","Combined"
2022,10.4084130161936,"IPCC_normative","IMAGE","Africa","Combined"
2023,9.80401035578579,"IPCC_normative","IMAGE","Africa","Combined"
2024,9.17984747273458,"IPCC_normative","IMAGE","Africa","Combined"
2025,8.53882089277721,"IPCC_normative","IMAGE","Africa","Combined"
2026,7.88349896380581,"IPCC_normative","IMAGE","Africa","Combined"
2027,7.21614042139297,"IPCC_normative","IMAGE","Africa","Combined"
2028,6.53875205902361,"IPCC_normative","IMAGE","Africa","Combined"
2029,5.85310416827092,"IPCC_normative","IMAGE","Africa","Combined"
2030,5.16076500577837,"IPCC_normative","IMAGE","Africa","Combined"
2031,4.7244582754634,"IPCC_normative","IMAGE","Africa","Combined"
2032,4.29038239494764,"IPCC_normative","IMAGE","Africa","Combined"
2033,3.85879661008657,"IPCC_normative","IMAGE","Africa","Combined"
2034,3.42990784794657,"IPCC_normative","IMAGE","Africa","Combined"
2035,3.00386103767281,"IPCC_normative","IMAGE","Africa","Combined"
2036,2.58082048730577,"IPCC_normative","IMAGE","Africa","Combined"
2037,2.16085956571613,"IPCC_normative","IMAGE","Africa","Combined"
2038,1.74404611914711,"IPCC_normative","IMAGE","Africa","Combined"
2039,1.33042572473135,"IPCC_normative","IMAGE","Africa","Combined"
2040,0.920025223079271,"IPCC_normative","IMAGE","Africa","Combined"
2041,0.830841939100845,"IPCC_normative","IMAGE","Africa","Combined"
2042,0.743370289784188,"IPCC_normative","IMAGE","Africa","Combined"
2043,0.657572476300163,"IPCC_normative","IMAGE","Africa","Combined"
2044,0.573420789025065,"IPCC_normative","IMAGE","Africa","Combined"
2045,0.490882135578605,"IPCC_normative","IMAGE","Africa","Combined"
2046,0.409924202268565,"IPCC_normative","IMAGE","Africa","Combined"
2047,0.330508643600367,"IPCC_normative","IMAGE","Africa","Combined"
2048,0.252602664551348,"IPCC_normative","IMAGE","Africa","Combined"
2049,0.176171714867156,"IPCC_normative","IMAGE","Africa","Combined"
2050,0.101179508976237,"IPCC_normative","IMAGE","Africa","Combined"
2020,12.4746894685267,"IPCC_normative","SDS","Africa","Combined"
2021,11.8178790550053,"IPCC_normative","SDS","Africa","Combined"
2022,11.1083718620404,"IPCC_normative","SDS","Africa","Combined"
2023,10.3906076473293,"IPCC_normative","SDS","Africa","Combined"
2024,9.66655371645398,"IPCC_normative","SDS","Africa","Combined"
2025,8.93791284897519,"IPCC_normative","SDS","Africa","Combined"
2026,8.20617878037115,"IPCC_normative","SDS","Africa","Combined"
2027,7.47264024265703,"IPCC_normative","SDS","Africa","Combined"
2028,6.73842795312447,"IPCC_normative","SDS","Africa","Combined"
2029,6.00451916797188,"IPCC_normative","SDS","Africa","Combined"
2030,5.27176349048099,"IPCC_normative","SDS","Africa","Combined"
2031,4.80689206489384,"IPCC_normative","SDS","Africa","Combined"
2032,4.34892373500107,"IPCC_normative","SDS","Africa","Combined"
2033,3.89768138261511,"IPCC_normative","SDS","Africa","Combined"
2034,3.45298246960528,"IPCC_normative","SDS","Africa","Combined"
2035,3.01462352244065,"IPCC_normative","SDS","Africa","Combined"
2036,2.5824568615038,"IPCC_normative","SDS","Africa","Combined"
2037,2.15627540408622,"IPCC_normative","SDS","Africa","Combined"
2038,1.73589483899616,"IPCC_normative","SDS","Africa","Combined"
2039,1.32113350645758,"IPCC_normative","SDS","Africa","Combined"
2040,0.911813119529574,"IPCC_normative","SDS","Africa","Combined"
2041,0.821808972654428,"IPCC_normative","SDS","Africa","Combined"
2042,0.733981475740046,"IPCC_normative","SDS","Africa","Combined"
2043,0.648248744369812,"IPCC_normative","SDS","Africa","Combined"
2044,0.564543115911449,"IPCC_normative","SDS","Africa","Combined"
2045,0.48279542587935,"IPCC_normative","SDS","Africa","Combined"
2046,0.402940675590184,"IPCC_normative","SDS","Africa","Combined"
2047,0.324911023058272,"IPCC_normative","SDS","Africa","Combined"
2048,0.248646801341827,"IPCC_normative","SDS","Africa","Combined"
2049,0.174089090656629,"IPCC_normative","SDS","Africa","Combined"
2050,0.101179508976237,"IPCC_normative","SDS","Africa","Combined"
2020,698.447893569845,"IPCC_normative","IMAGE","Asia Pacific Developed","Combined"
2021,655.176629323348,"IPCC_normative","IMAGE","Asia Pacific Developed","Combined"
2022,604.564833733358,"IPCC_normative","IMAGE","Asia Pacific Developed","Combined"
2023,555.649055617023,"IPCC_normative","IMAGE","Asia Pacific Developed","Combined"
2024,508.333628012913,"IPCC_normative","IMAGE","Asia Pacific Developed","Combined"
2025,462.529410998762,"IPCC_normative","IMAGE","Asia Pacific Developed","Combined"
2026,418.154361812917,"IPCC_normative","IMAGE","Asia Pacific Developed","Combined"
2027,375.131683156727,"IPCC_normative","IMAGE","Asia Pacific Developed","Combined"
2028,333.390486022248,"IPCC_normative","IMAGE","Asia Pacific Developed","Combined"
2029,292.864471971173,"IPCC_normative","IMAGE","Asia Pacific Developed","Combined"
2030,253.491905517614,"IPCC_normative","IMAGE","Asia Pacific Developed","Combined"
2031,229.227068936479,"IPCC_normative","IMAGE","Asia Pacific Developed","Combined"
2032,205.661583981815,"IPCC_normative","IMAGE","Asia Pacific Developed","Combined"
2033,182.752248748377,"IPCC_normative","IMAGE","Asia Pacific Developed","Combined"
2034,160.459347922249,"IPCC_normative","IMAGE","Asia Pacific Developed","Combined"
2035,138.74587728662,"IPCC_normative","IMAGE","Asia Pacific Developed","Combined"
2036,117.579033599396,"IPCC_normative","IMAGE","Asia Pacific Developed","Combined"
2037,96.9271409693884,"IPCC_normative","IMAGE","Asia Pacific Developed","Combined"
2038,76.7613582052115,"IPCC_normative","IMAGE","Asia Pacific Developed","Combined"
2039,57.0549584026664,"IPCC_normative","IMAGE","Asia Pacific Developed","Combined"
2040,37.7831387050386,"IPCC_normative","IMAGE","Asia Pacific Developed","Combined"
2041,33.4556891956131,"IPCC_normative","IMAGE","Asia Pacific Developed","Combined"
2042,29.2697220778435,"IPCC_normative","IMAGE","Asia Pacific Developed","Combined"
2043,25.2178761233037,"IPCC_normative","IMAGE","Asia Pacific Developed","Combined"
2044,21.2935457798629,"IPCC_normative","IMAGE","Asia Pacific Developed","Combined"
2045,17.4904673750505,"IPCC_normative","IMAGE","Asia Pacific Developed","Combined"
2046,13.8028207333172,"IPCC_normative","IMAGE","Asia Pacific Developed","Combined"
2047,10.2250282131599,"IPCC_normative","IMAGE","Asia Pacific Developed","Combined"
2048,6.75199393716054,"IPCC_normative","IMAGE","Asia Pacific Developed","Combined"
2049,3.37890141848479,"IPCC_normative","IMAGE","Asia Pacific Developed","Combined"
2050,0.101179508976237,"IPCC_normative","IMAGE","Asia Pacific Developed","Combined"
2020,489.227730451119,"IPCC_normative","SDS","Asia Pacific Developed","Combined"
2021,458.151142766124,"IPCC_normative","SDS","Asia Pacific Developed","Combined"
2022,425.966306188157,"IPCC_normative","SDS","Asia Pacific Developed","Combined"
2023,394.335558031338,"IPCC_normative","SDS","Asia Pacific Developed","Combined"
2024,363.252227083158,"IPCC_normative","SDS","Asia Pacific Developed","Combined"
2025,332.707963983249,"IPCC_normative","SDS","Asia Pacific Developed","Combined"
2026,302.693881266975,"IPCC_normative","SDS","Asia Pacific Developed","Combined"
2027,273.199866973158,"IPCC_normative","SDS","Asia Pacific Developed","Combined"
2028,244.215623315059,"IPCC_normative","SDS","Asia Pacific Developed","Combined"
2029,215.730205701681,"IPCC_normative","SDS","Asia Pacific Developed","Combined"
2030,187.732434040755,"IPCC_normative","SDS","Asia Pacific Developed","Combined"
2031,169.80352895303,"IPCC_normative","SDS","Asia Pacific Developed","Combined"
2032,152.383044086995,"IPCC_normative","SDS","Asia Pacific Developed","Combined"
2033,135.439891521294,"IPCC_normative","SDS","Asia Pacific Developed","Combined"
2034,118.94546702038,"IPCC_normative","SDS","Asia Pacific Developed","Combined"
2035,102.872773262565,"IPCC_normative","SDS","Asia Pacific Developed","Combined"
2036,87.1988453464104,"IPCC_normative","SDS","Asia Pacific Developed","Combined"
2037,71.9004333313612,"IPCC_normative","SDS","Asia Pacific Developed","Combined"
2038,56.9566988121571,"IPCC_normative","SDS","Asia Pacific Developed","Combined"
2039,42.3483170885139,"IPCC_normative","SDS","Asia Pacific Developed","Combined"
2040,28.0573421947287,"IPCC_normative","SDS","Asia Pacific Developed","Combined"
2041,24.8546074670243,"IPCC_normative","SDS","Asia Pacific Developed","Combined"
2042,21.7547063667053,"IPCC_normative","SDS","Asia Pacific Developed","Combined"
2043,18.7522543230531,"IPCC_normative","SDS","Asia Pacific Developed","Combined"
2044,15.8426010438704,"IPCC_normative","SDS","Asia Pacific Developed","Combined"
2045,13.0212648281762,"IPCC_normative","SDS","Asia Pacific Developed","Combined"
2046,10.2841031476368,"IPCC_normative","SDS","Asia Pacific Developed","Combined"
2047,7.62705555375483,"IPCC_normative","SDS","Asia Pacific Developed","Combined"
2048,5.04649787911815,"IPCC_normative","SDS","Asia Pacific Developed","Combined"
2049,2.53897481768697,"IPCC_normative","SDS","Asia Pacific Developed","Combined"
2050,0.101179508976237,"IPCC_normative","SDS","Asia Pacific Developed","Combined"
2020,2.26788432267884,"Camarasa","-","China","Combined"
2021,2.13363001224801,"Camarasa","-","China","Combined"
2022,1.97660081897338,"Camarasa","-","China","Combined"
2023,1.8248337242385,"Camarasa","-","China","Combined"
2024,1.67803190977004,"Camarasa","-","China","Combined"
2025,1.53591880822004,"Camarasa","-","China","Combined"
2026,1.39823987203637,"Camarasa","-","China","Combined"
2027,1.26475682834781,"Camarasa","-","China","Combined"
2028,1.13524973546687,"Camarasa","-","China","Combined"
2029,1.00951289450138,"Camarasa","-","China","Combined"
2030,0.887354763668795,"Camarasa","-","China","Combined"
2031,0.812070184869345,"Camarasa","-","China","Combined"
2032,0.738955428745417,"Camarasa","-","China","Combined"
2033,0.667876456181238,"Camarasa","-","China","Combined"
2034,0.598710045630681,"Camarasa","-","China","Combined"
2035,0.531341387053005,"Camarasa","-","China","Combined"
2036,0.465668704437648,"Camarasa","-","China","Combined"
2037,0.401593719516035,"Camarasa","-","China","Combined"
2038,0.339026949017255,"Camarasa","-","China","Combined"
2039,0.277885469501106,"Camarasa","-","China","Combined"
2040,0.218092327116507,"Camarasa","-","China","Combined"
2041,0.204665893663982,"Camarasa","-","China","Combined"
2042,0.191678426376664,"Camarasa","-","China","Combined"
2043,0.179107086156514,"Camarasa","-","China","Combined"
2044,0.166931378482243,"Camarasa","-","China","Combined"
2045,0.155131869555396,"Camarasa","-","China","Combined"
2046,0.143690501580145,"Camarasa","-","China","Combined"
2047,0.132589969251761,"Camarasa","-","China","Combined"
2048,0.121814461996626,"Camarasa","-","China","Combined"
2049,0.111349036084073,"Camarasa","-","China","Combined"
2050,0.101179508976237,"Camarasa","-","China","Combined"
2020,93.1415445197987,"IPCC_normative","IMAGE","Eastern Asia","Combined"
2021,87.3765367680433,"IPCC_normative","IMAGE","Eastern Asia","Combined"
2022,80.633553890436,"IPCC_normative","IMAGE","Eastern Asia","Combined"
2023,74.1165305278323,"IPCC_normative","IMAGE","Eastern Asia","Combined"
2024,67.8127210213328,"IPCC_normative","IMAGE","Eastern Asia","Combined"
2025,61.7102493060294,"IPCC_normative","IMAGE","Eastern Asia","Combined"
2026,55.7981848679853,"IPCC_normative","IMAGE","Eastern Asia","Combined"
2027,50.0662960435377,"IPCC_normative","IMAGE","Eastern Asia","Combined"
2028,44.5051383274835,"IPCC_normative","IMAGE","Eastern Asia","Combined"
2029,39.1058788137958,"IPCC_normative","IMAGE","Eastern Asia","Combined"
2030,33.8602925161954,"IPCC_normative","IMAGE","Eastern Asia","Combined"
2031,30.6275011147598,"IPCC_normative","IMAGE","Eastern Asia","Combined"
2032,27.4878839622863,"IPCC_normative","IMAGE","Eastern Asia","Combined"
2033,24.4356852916864,"IPCC_normative","IMAGE","Eastern Asia","Combined"
2034,21.4656138525986,"IPCC_normative","IMAGE","Eastern Asia","Combined"
2035,18.5727395927011,"IPCC_normative","IMAGE","Eastern Asia","Combined"
2036,15.7526921533218,"IPCC_normative","IMAGE","Eastern Asia","Combined"
2037,13.0012513721559,"IPCC_normative","IMAGE","Eastern Asia","Combined"
2038,10.3145747524612,"IPCC_normative","IMAGE","Eastern Asia","Combined"
2039,7.68910148286376,"IPCC_normative","IMAGE","Eastern Asia","Combined"
2040,5.12152709182314,"IPCC_normative","IMAGE","Eastern Asia","Combined"
2041,4.54498327223303,"IPCC_normative","IMAGE","Eastern Asia","Combined"
2042,3.98728907718792,"IPCC_normative","IMAGE","Eastern Asia","Combined"
2043,3.44746377410049,"IPCC_normative","IMAGE","Eastern Asia","Combined"
2044,2.92462730873846,"IPCC_normative","IMAGE","Eastern Asia","Combined"
2045,2.41794517531657,"IPCC_normative","IMAGE","Eastern Asia","Combined"
2046,1.92664195491094,"IPCC_normative","IMAGE","Eastern Asia","Combined"
2047,1.44997454128091,"IPCC_normative","IMAGE","Eastern Asia","Combined"
2048,0.987264013361228,"IPCC_normative","IMAGE","Eastern Asia","Combined"
2049,0.537868673147009,"IPCC_normative","IMAGE","Eastern Asia","Combined"
2050,0.101179508976237,"IPCC_normative","IMAGE","Eastern Asia","Combined"
2020,34.8378067676313,"IPCC_normative","SDS","Eastern Asia","Combined"
2021,32.6854406909001,"IPCC_normative","SDS","Eastern Asia","Combined"
2022,30.1679475275436,"IPCC_normative","SDS","Eastern Asia","Combined"
2023,27.73481636607,"IPCC_normative","SDS","Eastern Asia","Combined"
2024,25.3812886137727,"IPCC_normative","SDS","Eastern Asia","Combined"
2025,23.1029303409271,"IPCC_normative","SDS","Eastern Asia","Combined"
2026,20.8956606393347,"IPCC_normative","SDS","Eastern Asia","Combined"
2027,18.7556595165991,"IPCC_normative","SDS","Eastern Asia","Combined"
2028,16.6794008659941,"IPCC_normative","SDS","Eastern Asia","Combined"
2029,14.6635869213917,"IPCC_normative","SDS","Eastern Asia","Combined"
2030,12.7051468835473,"IPCC_normative","SDS","Eastern Asia","Combined"
2031,11.4981839712286,"IPCC_normative","SDS","Eastern Asia","Combined"
2032,10.3260076717519,"IPCC_normative","SDS","Eastern Asia","Combined"
2033,9.18646906904262,"IPCC_normative","SDS","Eastern Asia","Combined"
2034,8.07759267438134,"IPCC_normative","SDS","Eastern Asia","Combined"
2035,6.9975378523637,"IPCC_normative","SDS","Eastern Asia","Combined"
2036,5.94467292925159,"IPCC_normative","SDS","Eastern Asia","Combined"
2037,4.91742230713177,"IPCC_normative","SDS","Eastern Asia","Combined"
2038,3.9143513895572,"IPCC_normative","SDS","Eastern Asia","Combined"
2039,2.93413074733423,"IPCC_normative","SDS","Eastern Asia","Combined"
2040,1.97552665576524,"IPCC_normative","SDS","Eastern Asia","Combined"
2041,1.76027397745671,"IPCC_normative","SDS","Eastern Asia","Combined"
2042,1.55205880788655,"IPCC_normative","SDS","Eastern Asia","Combined"
2043,1.3505149904697,"IPCC_normative","SDS","Eastern Asia","Combined"
2044,1.15531395689249,"IPCC_normative","SDS","Eastern Asia","Combined"
2045,0.966144144357373,"IPCC_normative","SDS","Eastern Asia","Combined"
2046,0.782716050150925,"IPCC_normative","SDS","Eastern Asia","Combined"
2047,0.604752235502441,"IPCC_normative","SDS","Eastern Asia","Combined"
2048,0.431999225181254,"IPCC_normative","SDS","Eastern Asia","Combined"
2049,0.264217441189092,"IPCC_normative","SDS","Eastern Asia","Combined"
2050,0.101179508976237,"IPCC_normative","SDS","Eastern Asia","Combined"
2020,71.198318149965,"IPCC_normative","IMAGE","Europe and Eurasia","Combined"
2021,66.7929661788581,"IPCC_normative","IMAGE","Europe and Eurasia","Combined"
2022,61.6402909024091,"IPCC_normative","IMAGE","Europe and Eurasia","Combined"
2023,56.6602834241097,"IPCC_normative","IMAGE","Europe and Eurasia","Combined"
2024,51.8432041016259,"IPCC_normative","IMAGE","Europe and Eurasia","Combined"
2025,47.1799777960846,"IPCC_normative","IMAGE","Europe and Eurasia","Combined"
2026,42.6622519148803,"IPCC_normative","IMAGE","Europe and Eurasia","Combined"
2027,38.2822078944266,"IPCC_normative","IMAGE","Europe and Eurasia","Combined"
2028,34.0326286811817,"IPCC_normative","IMAGE","Europe and Eurasia","Combined"
2029,29.9067645773738,"IPCC_normative","IMAGE","Europe and Eurasia","Combined"
2030,25.8983304293523,"IPCC_normative","IMAGE","Europe and Eurasia","Combined"
2031,23.4279809370806,"IPCC_normative","IMAGE","Europe and Eurasia","Combined"
2032,21.0288308913658,"IPCC_normative","IMAGE","Europe and Eurasia","Combined"
2033,18.6964820015239,"IPCC_normative","IMAGE","Europe and Eurasia","Combined"
2034,16.4268909390436,"IPCC_normative","IMAGE","Europe and Eurasia","Combined"
2035,14.2162903862302,"IPCC_normative","IMAGE","Europe and Eurasia","Combined"
2036,12.0613407173591,"IPCC_normative","IMAGE","Europe and Eurasia","Combined"
2037,9.95881707981463,"IPCC_normative","IMAGE","Europe and Eurasia","Combined"
2038,7.90578321551585,"IPCC_normative","IMAGE","Europe and Eurasia","Combined"
2039,5.89951811729676,"IPCC_normative","IMAGE","Europe and Eurasia","Combined"
2040,3.93749666102202,"IPCC_normative","IMAGE","Europe and Eurasia","Combined"
2041,3.49692857136293,"IPCC_normative","IMAGE","Europe and Eurasia","Combined"
2042,3.07076449193584,"IPCC_normative","IMAGE","Europe and Eurasia","Combined"
2043,2.65825499231107,"IPCC_normative","IMAGE","Europe and Eurasia","Combined"
2044,2.25872757579583,"IPCC_normative","IMAGE","Europe and Eurasia","Combined"
2045,1.87154455171142,"IPCC_normative","IMAGE","Europe and Eurasia","Combined"
2046,1.49611338082252,"IPCC_normative","IMAGE","Europe and Eurasia","Combined"
2047,1.1318662157501,"IPCC_normative","IMAGE","Europe and Eurasia","Combined"
2048,0.778284256453996,"IPCC_normative","IMAGE","Europe and Eurasia","Combined"
2049,0.434877147033175,"IPCC_normative","IMAGE","Europe and Eurasia","Combined"
2050,0.101179508976237,"IPCC_normative","IMAGE","Europe and Eurasia","Combined"
2020,75.1806140878989,"IPCC_normative","SDS","Europe and Eurasia","Combined"
2021,70.5285093557801,"IPCC_normative","SDS","Europe and Eurasia","Combined"
2022,65.0872222137184,"IPCC_normative","SDS","Europe and Eurasia","Combined"
2023,59.8282743458226,"IPCC_normative","SDS","Europe and Eurasia","Combined"
2024,54.7413805725,"IPCC_normative","SDS","Europe and Eurasia","Combined"
2025,49.8169574378148,"IPCC_normative","SDS","Europe and Eurasia","Combined"
2026,45.0461845033914,"IPCC_normative","SDS","Europe and Eurasia","Combined"
2027,40.4208052719286,"IPCC_normative","SDS","Europe and Eurasia","Combined"
2028,35.9331984479765,"IPCC_normative","SDS","Europe and Eurasia","Combined"
2029,31.5762362694061,"IPCC_normative","SDS","Europe and Eurasia","Combined"
2030,27.3432815382744,"IPCC_normative","SDS","Europe and Eurasia","Combined"
2031,24.7345627257122,"IPCC_normative","SDS","Europe and Eurasia","Combined"
2032,22.2010313861202,"IPCC_normative","SDS","Europe and Eurasia","Combined"
2033,19.7380428715704,"IPCC_normative","SDS","Europe and Eurasia","Combined"
2034,17.3413273784639,"IPCC_normative","SDS","Europe and Eurasia","Combined"
2035,15.0069065739479,"IPCC_normative","SDS","Europe and Eurasia","Combined"
2036,12.7312537730404,"IPCC_normative","SDS","Europe and Eurasia","Combined"
2037,10.5109634925444,"IPCC_normative","SDS","Europe and Eurasia","Combined"
2038,8.34293500856731,"IPCC_normative","SDS","Europe and Eurasia","Combined"
2039,6.2242949047745,"IPCC_normative","SDS","Europe and Eurasia","Combined"
2040,4.15237661967075,"IPCC_normative","SDS","Europe and Eurasia","Combined"
2041,3.68713141153165,"IPCC_normative","SDS","Europe and Eurasia","Combined"
2042,3.23709701165516,"IPCC_normative","SDS","Europe and Eurasia","Combined"
2043,2.80148201248265,"IPCC_normative","SDS","Europe and Eurasia","Combined"
2044,2.37957624940812,"IPCC_normative","SDS","Europe and Eurasia","Combined"
2045,1.97070631339559,"IPCC_normative","SDS","Europe and Eurasia","Combined"
2046,1.57424647587702,"IPCC_normative","SDS","Europe and Eurasia","Combined"
2047,1.18959708318196,"IPCC_normative","SDS","Europe and Eurasia","Combined"
2048,0.816210276220449,"IPCC_normative","SDS","Europe and Eurasia","Combined"
2049,0.453568233255964,"IPCC_normative","SDS","Europe and Eurasia","Combined"
2050,0.101179508976237,"IPCC_normative","SDS","Europe and Eurasia","Combined"
2020,31.7924041931603,"Burger","-","Germany","Combined"
2021,29.8287386814688,"Burger","-","Germany","Combined"
2022,27.5319572211746,"Burger","-","Germany","Combined"
2023,25.3121416429326,"Burger","-","Germany","Combined"
2024,23.1649505456757,"Burger","-","Germany","Combined"
2025,21.0863387277184,"Burger","-","Germany","Combined"
2026,19.0725830590724,"Burger","-","Germany","Combined"
2027,17.1201984507446,"Burger","-","Germany","Combined"
2028,15.2259679340956,"Burger","-","Germany","Combined"
2029,13.3868828621853,"Burger","-","Germany","Combined"
2030,11.6001416564925,"Burger","-","Germany","Combined"
2031,10.4989946581109,"Burger","-","Germany","Combined"
2032,9.4295844876996,"Burger","-","Germany","Combined"
2033,8.38995062728324,"Burger","-","Germany","Combined"
2034,7.37829078165321,"Burger","-","Germany","Combined"
2035,6.39292568616113,"Burger","-","Germany","Combined"
2036,5.43236671790009,"Burger","-","Germany","Combined"
2037,4.49517641355194,"Burger","-","Germany","Combined"
2038,3.58004594949384,"Burger","-","Germany","Combined"
2039,2.68576244921465,"Burger","-","Germany","Combined"
2040,1.81120035016914,"Burger","-","Germany","Combined"
2041,1.61481913729683,"Burger","-","Germany","Combined"
2042,1.42485844616902,"Burger","-","Germany","Combined"
2043,1.24098422159605,"Burger","-","Germany","Combined"
2044,1.06289670124995,"Burger","-","Germany","Combined"
2045,0.890311637424515,"Burger","-","Germany","Combined"
2046,0.722964908463089,"Burger","-","Germany","Combined"
2047,0.560603398991143,"Burger","-","Germany","Combined"
2048,0.402995856261334,"Burger","-","Germany","Combined"
2049,0.249923706371364,"Burger","-","Germany","Combined"
2050,0.101179508976237,"Burger","-","Germany","Combined"
2020,23.4279656972325,"Yu","-","India","Combined"
2021,22.2507783064578,"Yu","-","India","Combined"
2022,20.9626064305022,"Yu","-","India","Combined"
2023,19.648355551129,"Yu","-","India","Combined"
2024,18.3127426413717,"Yu","-","India","Combined"
2025,16.959881171484,"Yu","-","India","Combined"
2026,15.5933982789699,"Yu","-","India","Combined"
2027,14.2164524883642,"Yu","-","India","Combined"
2028,12.8318320714926,"Yu","-","India","Combined"
2029,11.4419712851679,"Yu","-","India","Combined"
2030,10.0490062952778,"Yu","-","India","Combined"
2031,9.16727818162791,"Yu","-","India","Combined"
2032,8.29575166634476,"Yu","-","India","Combined"
2033,7.43438042510288,"Yu","-","India","Combined"
2034,6.58307570347936,"Yu","-","India","Combined"
2035,5.74168021232258,"Yu","-","India","Combined"
2036,4.91012003404828,"Yu","-","India","Combined"
2037,4.08818462970455,"Yu","-","India","Combined"
2038,3.27568834443747,"Yu","-","India","Combined"
2039,2.47243370024839,"Yu","-","India","Combined"
2040,1.67821470801364,"Yu","-","India","Combined"
2041,1.50429685484768,"Yu","-","India","Combined"
2042,1.33428199504017,"Yu","-","India","Combined"
2043,1.16804140078916,"Yu","-","India","Combined"
2044,1.00547110080176,"Yu","-","India","Combined"
2045,0.846461570711781,"Yu","-","India","Combined"
2046,0.690909056169108,"Yu","-","India","Combined"
2047,0.53870212060655,"Yu","-","India","Combined"
2048,0.38974338859736,"Yu","-","India","Combined"
2049,0.243935229771437,"Yu","-","India","Combined"
2050,0.101179508976237,"Yu","-","India","Combined"
2020,26.0984809868488,"IPCC_normative","IMAGE","Latin America and Caribbean","Combined"
2021,24.4876248328857,"IPCC_normative","IMAGE","Latin America and Caribbean","Combined"
2022,22.6035032614699,"IPCC_normative","IMAGE","Latin America and Caribbean","Combined"
2023,20.7825192071163,"IPCC_normative","IMAGE","Latin America and Caribbean","Combined"
2024,19.0211112829268,"IPCC_normative","IMAGE","Latin America and Caribbean","Combined"
2025,17.3159610836076,"IPCC_normative","IMAGE","Latin America and Caribbean","Combined"
2026,15.6640144093382,"IPCC_normative","IMAGE","Latin America and Caribbean","Combined"
2027,14.0624123327612,"IPCC_normative","IMAGE","Latin America and Caribbean","Combined"
2028,12.5085158740205,"IPCC_normative","IMAGE","Latin America and Caribbean","Combined"
2029,10.9998569460565,"IPCC_normative","IMAGE","Latin America and Caribbean","Combined"
2030,9.53413732650154,"IPCC_normative","IMAGE","Latin America and Caribbean","Combined"
2031,8.63083204960995,"IPCC_normative","IMAGE","Latin America and Caribbean","Combined"
2032,7.75356148399622,"IPCC_normative","IMAGE","Latin America and Caribbean","Combined"
2033,6.90071735552878,"IPCC_normative","IMAGE","Latin America and Caribbean","Combined"
2034,6.07082118515366,"IPCC_normative","IMAGE","Latin America and Caribbean","Combined"
2035,5.26249541962827,"IPCC_normative","IMAGE","Latin America and Caribbean","Combined"
2036,4.47451889508521,"IPCC_normative","IMAGE","Latin America and Caribbean","Combined"
2037,3.70571241546573,"IPCC_normative","IMAGE","Latin America and Caribbean","Combined"
2038,2.95500231187111,"IPCC_normative","IMAGE","Latin America and Caribbean","Combined"
2039,2.22139362381534,"IPCC_normative","IMAGE","Latin America and Caribbean","Combined"
2040,1.5039630171858,"IPCC_normative","IMAGE","Latin America and Caribbean","Combined"
2041,1.34286537433643,"IPCC_normative","IMAGE","Latin America and Caribbean","Combined"
2042,1.18703468601786,"IPCC_normative","IMAGE","Latin America and Caribbean","Combined"
2043,1.03619691632387,"IPCC_normative","IMAGE","Latin America and Caribbean","Combined"
2044,0.8901061608538,"IPCC_normative","IMAGE","Latin America and Caribbean","Combined"
2045,0.748529242335818,"IPCC_normative","IMAGE","Latin America and Caribbean","Combined"
2046,0.611249493525188,"IPCC_normative","IMAGE","Latin America and Caribbean","Combined"
2047,0.478059275974171,"IPCC_normative","IMAGE","Latin America and Caribbean","Combined"
2048,0.348768885830985,"IPCC_normative","IMAGE","Latin America and Caribbean","Combined"
2049,0.223199020096461,"IPCC_normative","IMAGE","Latin America and Caribbean","Combined"
2050,0.101179508976237,"IPCC_normative","IMAGE","Latin America and Caribbean","Combined"
2020,25.0407852467509,"IPCC_normative","SDS","Latin America and Caribbean","Combined"
2021,23.7631596390052,"IPCC_normative","SDS","Latin America and Caribbean","Combined"
2022,22.3705078117609,"IPCC_normative","SDS","Latin America and Caribbean","Combined"
2023,20.9532540561756,"IPCC_normative","SDS","Latin America and Caribbean","Combined"
2024,19.5161269078774,"IPCC_normative","SDS","Latin America and Caribbean","Combined"
2025,18.0632423772687,"IPCC_normative","SDS","Latin America and Caribbean","Combined"
2026,16.598225297249,"IPCC_normative","SDS","Latin America and Caribbean","Combined"
2027,15.1242251160089,"IPCC_normative","SDS","Latin America and Caribbean","Combined"
2028,13.6440180075753,"IPCC_normative","SDS","Latin America and Caribbean","Combined"
2029,12.160021844258,"IPCC_normative","SDS","Latin America and Caribbean","Combined"
2030,10.674353718949,"IPCC_normative","SDS","Latin America and Caribbean","Combined"
2031,9.73332993201675,"IPCC_normative","SDS","Latin America and Caribbean","Combined"
2032,8.80409056674417,"IPCC_normative","SDS","Latin America and Caribbean","Combined"
2033,7.8864963641945,"IPCC_normative","SDS","Latin America and Caribbean","Combined"
2034,6.9803727526237,"IPCC_normative","SDS","Latin America and Caribbean","Combined"
2035,6.08548095653297,"IPCC_normative","SDS","Latin America and Caribbean","Combined"
2036,5.20167814219219,"IPCC_normative","SDS","Latin America and Caribbean","Combined"
2037,4.32868309463297,"IPCC_normative","SDS","Latin America and Caribbean","Combined"
2038,3.46624683396334,"IPCC_normative","SDS","Latin America and Caribbean","Combined"
2039,2.61411298839788,"IPCC_normative","SDS","Latin America and Caribbean","Combined"
2040,1.77202072621088,"IPCC_normative","SDS","Latin America and Caribbean","Combined"
2041,1.58740119875779,"IPCC_normative","SDS","Latin America and Caribbean","Combined"
2042,1.40701706948496,"IPCC_normative","SDS","Latin America and Caribbean","Combined"
2043,1.23072270937713,"IPCC_normative","SDS","Latin America and Caribbean","Combined"
2044,1.05839959870244,"IPCC_normative","SDS","Latin America and Caribbean","Combined"
2045,0.889924129957885,"IPCC_normative","SDS","Latin America and Caribbean","Combined"
2046,0.725179514672846,"IPCC_normative","SDS","Latin America and Caribbean","Combined"
2047,0.564041475511726,"IPCC_normative","SDS","Latin America and Caribbean","Combined"
2048,0.406401189889965,"IPCC_normative","SDS","Latin America and Caribbean","Combined"
2049,0.25215008169956,"IPCC_normative","SDS","Latin America and Caribbean","Combined"
2050,0.101179508976237,"IPCC_normative","SDS","Latin America and Caribbean","Combined"
2020,83.4033966705902,"IPCC_normative","IMAGE","Middle East","Combined"
2021,78.2417882910524,"IPCC_normative","IMAGE","Middle East","Combined"
2022,72.204565372568,"IPCC_normative","IMAGE","Middle East","Combined"
2023,66.369651726907,"IPCC_normative","IMAGE","Middle East","Combined"
2024,60.7256357302503,"IPCC_normative","IMAGE","Middle East","Combined"
2025,55.2618843359853,"IPCC_normative","IMAGE","Middle East","Combined"
2026,49.9686110815852,"IPCC_normative","IMAGE","Middle East","Combined"
2027,44.8366552090472,"IPCC_normative","IMAGE","Middle East","Combined"
2028,39.8575607302278,"IPCC_normative","IMAGE","Middle East","Combined"
2029,35.0234192426186,"IPCC_normative","IMAGE","Middle East","Combined"
2030,30.3268666350287,"IPCC_normative","IMAGE","Middle East","Combined"
2031,27.4324380573972,"IPCC_normative","IMAGE","Middle East","Combined"
2032,24.6214315678026,"IPCC_normative","IMAGE","Middle East","Combined"
2033,21.8886938313468,"IPCC_normative","IMAGE","Middle East","Combined"
2034,19.2294874108257,"IPCC_normative","IMAGE","Middle East","Combined"
2035,16.6393982619794,"IPCC_normative","IMAGE","Middle East","Combined"
2036,14.1145134533923,"IPCC_normative","IMAGE","Middle East","Combined"
2037,11.6510545295871,"IPCC_normative","IMAGE","Middle East","Combined"
2038,9.24558117196641,"IPCC_normative","IMAGE","Middle East","Combined"
2039,6.89490526446565,"IPCC_normative","IMAGE","Middle East","Combined"
2040,4.59606820083004,"IPCC_normative","IMAGE","Middle East","Combined"
2041,4.07986882374145,"IPCC_normative","IMAGE","Middle East","Combined"
2042,3.58054615943316,"IPCC_normative","IMAGE","Middle East","Combined"
2043,3.09722212451679,"IPCC_normative","IMAGE","Middle East","Combined"
2044,2.62910877637448,"IPCC_normative","IMAGE","Middle East","Combined"
2045,2.17545895346901,"IPCC_normative","IMAGE","Middle East","Combined"
2046,1.7355783967486,"IPCC_normative","IMAGE","Middle East","Combined"
2047,1.30880177781064,"IPCC_normative","IMAGE","Middle East","Combined"
2048,0.894521235432637,"IPCC_normative","IMAGE","Middle East","Combined"
2049,0.492162235469689,"IPCC_normative","IMAGE","Middle East","Combined"
2050,0.101179508976237,"IPCC_normative","IMAGE","Middle East","Combined"
2020,87.4615219162314,"IPCC_normative","SDS","Middle East","Combined"
2021,83.4083455535888,"IPCC_normative","SDS","Middle East","Combined"
2022,78.8717474750733,"IPCC_normative","SDS","Middle East","Combined"
2023,74.1762655402141,"IPCC_normative","SDS","Middle East","Combined"
2024,69.3454357714683,"IPCC_normative","SDS","Middle East","Combined"
2025,64.3999236991538,"IPCC_normative","SDS","Middle East","Combined"
2026,59.3580363924717,"IPCC_normative","SDS","Middle East","Combined"
2027,54.2358476478676,"IPCC_normative","SDS","Middle East","Combined"
2028,49.0476232819632,"IPCC_normative","SDS","Middle East","Combined"
2029,43.8059265074045,"IPCC_normative","SDS","Middle East","Combined"
2030,38.5218697060164,"IPCC_normative","SDS","Middle East","Combined"
2031,35.1886257699024,"IPCC_normative","SDS","Middle East","Combined"
2032,31.877211512596,"IPCC_normative","SDS","Middle East","Combined"
2033,28.5891280610021,"IPCC_normative","SDS","Middle East","Combined"
2034,25.3255300637359,"IPCC_normative","SDS","Middle East","Combined"
2035,22.08714624357,"IPCC_normative","SDS","Middle East","Combined"
2036,18.8748905409883,"IPCC_normative","SDS","Middle East","Combined"
2037,15.6890217978234,"IPCC_normative","SDS","Middle East","Combined"
2038,12.5297869697904,"IPCC_normative","SDS","Middle East","Combined"
2039,9.3972907804051,"IPCC_normative","SDS","Middle East","Combined"
2040,6.29151949127635,"IPCC_normative","SDS","Middle East","Combined"
2041,5.61549442315779,"IPCC_normative","SDS","Middle East","Combined"
2042,4.95291896686591,"IPCC_normative","SDS","Middle East","Combined"
2043,4.30346034558201,"IPCC_normative","SDS","Middle East","Combined"
2044,3.66686653267128,"IPCC_normative","SDS","Middle East","Combined"
2045,3.04284885591676,"IPCC_normative","SDS","Middle East","Combined"
2046,2.43112812017516,"IPCC_normative","SDS","Middle East","Combined"
2047,1.8313828389024,"IPCC_normative","SDS","Middle East","Combined"
2048,1.2433363207148,"IPCC_normative","SDS","Middle East","Combined"
2049,0.666701232762064,"IPCC_normative","SDS","Middle East","Combined"
2050,0.101179508976237,"IPCC_normative","SDS","Middle East","Combined"
2020,63.0116688275607,"IPCC_normative","IMAGE","North America","Combined"
2021,59.1135815990101,"IPCC_normative","IMAGE","North America","Combined"
2022,54.5542233866067,"IPCC_normative","IMAGE","North America","Combined"
2023,50.1476507275854,"IPCC_normative","IMAGE","North America","Combined"
2024,45.8852454739206,"IPCC_normative","IMAGE","North America","Combined"
2025,41.7589774652138,"IPCC_normative","IMAGE","North America","Combined"
2026,37.7614558880242,"IPCC_normative","IMAGE","North America","Combined"
2027,33.8857624658866,"IPCC_normative","IMAGE","North America","Combined"
2028,30.1255111700743,"IPCC_normative","IMAGE","North America","Combined"
2029,26.4747295128377,"IPCC_normative","IMAGE","North America","Combined"
2030,22.9278560595089,"IPCC_normative","IMAGE","North America","Combined"
2031,20.7419608418196,"IPCC_normative","IMAGE","North America","Combined"
2032,18.6190666408763,"IPCC_normative","IMAGE","North America","Combined"
2033,16.5552816176486,"IPCC_normative","IMAGE","North America","Combined"
2034,14.5470280223147,"IPCC_normative","IMAGE","North America","Combined"
2035,12.5909723339462,"IPCC_normative","IMAGE","North America","Combined"
2036,10.684159475975,"IPCC_normative","IMAGE","North America","Combined"
2037,8.82373592911857,"IPCC_normative","IMAGE","North America","Combined"
2038,7.00710353772441,"IPCC_normative","IMAGE","North America","Combined"
2039,5.23185461147585,"IPCC_normative","IMAGE","North America","Combined"
2040,3.49575478766881,"IPCC_normative","IMAGE","North America","Combined"
2041,3.10591695975616,"IPCC_normative","IMAGE","North America","Combined"
2042,2.72882455801911,"IPCC_normative","IMAGE","North America","Combined"
2043,2.36381444697932,"IPCC_normative","IMAGE","North America","Combined"
2044,2.01029156617701,"IPCC_normative","IMAGE","North America","Combined"
2045,1.66769165334512,"IPCC_normative","IMAGE","North America","Combined"
2046,1.33549039858951,"IPCC_normative","IMAGE","North America","Combined"
2047,1.01318534066975,"IPCC_normative","IMAGE","North America","Combined"
2048,0.700317418011643,"IPCC_normative","IMAGE","North America","Combined"
2049,0.396452737911993,"IPCC_normative","IMAGE","North America","Combined"
2050,0.101179508976237,"IPCC_normative","IMAGE","North America","Combined"
2020,55.1111919045022,"IPCC_normative","SDS","North America","Combined"
2021,51.7026374792538,"IPCC_normative","SDS","North America","Combined"
2022,47.7158563478937,"IPCC_normative","SDS","North America","Combined"
2023,43.8626735286189,"IPCC_normative","SDS","North America","Combined"
2024,40.1355531647722,"IPCC_normative","SDS","North America","Combined"
2025,36.5274735461772,"IPCC_normative","SDS","North America","Combined"
2026,33.0319720186184,"IPCC_normative","SDS","North America","Combined"
2027,29.642999122328,"IPCC_normative","SDS","North America","Combined"
2028,26.3549708041026,"IPCC_normative","SDS","North America","Combined"
2029,23.1626646180717,"IPCC_normative","SDS","North America","Combined"
2030,20.06121755024,"IPCC_normative","SDS","North America","Combined"
2031,18.1498332274847,"IPCC_normative","SDS","North America","Combined"
2032,16.2935380758623,"IPCC_normative","SDS","North America","Combined"
2033,14.4889290044794,"IPCC_normative","SDS","North America","Combined"
2034,12.7328775674411,"IPCC_normative","SDS","North America","Combined"
2035,11.0224688767921,"IPCC_normative","SDS","North America","Combined"
2036,9.35511896282543,"IPCC_normative","SDS","North America","Combined"
2037,7.72833265926906,"IPCC_normative","SDS","North America","Combined"
2038,6.13983809419523,"IPCC_normative","SDS","North America","Combined"
2039,4.5875299418371,"IPCC_normative","SDS","North America","Combined"
2040,3.06945443706936,"IPCC_normative","SDS","North America","Combined"
2041,2.72857354458225,"IPCC_normative","SDS","North America","Combined"
2042,2.39883747165545,"IPCC_normative","SDS","North America","Combined"
2043,2.07966636123683,"IPCC_normative","SDS","North America","Combined"
2044,1.77053988223975,"IPCC_normative","SDS","North America","Combined"
2045,1.47096463404627,"IPCC_normative","SDS","North America","Combined"
2046,1.18048215107952,"IPCC_normative","SDS","North America","Combined"
2047,0.898653072600728,"IPCC_normative","SDS","North America","Combined"
2048,0.625075987284678,"IPCC_normative","SDS","North America","Combined"
2049,0.359371491899259,"IPCC_normative","SDS","North America","Combined"
2050,0.101179508976237,"IPCC_normative","SDS","North America","Combined"
2020,35.9712230215827,"Camarasa","-","NW Europe","Combined"
2021,33.7486277116661,"Camarasa","-","NW Europe","Combined"
2022,31.1489916376202,"Camarasa","-","NW Europe","Combined"
2023,28.6364702006925,"Camarasa","-","NW Europe","Combined"
2024,26.2061495407616,"Camarasa","-","NW Europe","Combined"
2025,23.853451054068,"Camarasa","-","NW Europe","Combined"
2026,21.5741606770654,"Camarasa","-","NW Europe","Combined"
2027,19.3643337753927,"Camarasa","-","NW Europe","Combined"
2028,17.2203291895108,"Camarasa","-","NW Europe","Combined"
2029,15.1387415509702,"Camarasa","-","NW Europe","Combined"
2030,13.1163998638737,"Camarasa","-","NW Europe","Combined"
2031,11.8700551378703,"Camarasa","-","NW Europe","Combined"
2032,10.6596320719349,"Camarasa","-","NW Europe","Combined"
2033,9.48291163332953,"Camarasa","-","NW Europe","Combined"
2034,8.33785387540653,"Camarasa","-","NW Europe","Combined"
2035,7.22255810494223,"Camarasa","-","NW Europe","Combined"
2036,6.13533940855832,"Camarasa","-","NW Europe","Combined"
2037,5.07457077839119,"Camarasa","-","NW Europe","Combined"
2038,4.03877080875928,"Camarasa","-","NW Europe","Combined"
2039,3.02656669272114,"Camarasa","-","NW Europe","Combined"
2040,2.03668445055918,"Camarasa","-","NW Europe","Combined"
2041,1.81440832456573,"Camarasa","-","NW Europe","Combined"
2042,1.59939933313852,"Camarasa","-","NW Europe","Combined"
2043,1.39127937242363,"Camarasa","-","NW Europe","Combined"
2044,1.18970915330065,"Camarasa","-","NW Europe","Combined"
2045,0.994366947035773,"Camarasa","-","NW Europe","Combined"
2046,0.804953804774518,"Camarasa","-","NW Europe","Combined"
2047,0.62118323523772,"Camarasa","-","NW Europe","Combined"
2048,0.442793492589036,"Camarasa","-","NW Europe","Combined"
2049,0.269537181675256,"Camarasa","-","NW Europe","Combined"
2050,0.101179508976237,"Camarasa","-","NW Europe","Combined"
2020,25,"Camarasa","-","SE Europe","Combined"
2021,23.4572084049367,"Camarasa","-","SE Europe","Combined"
2022,21.6526978548753,"Camarasa","-","SE Europe","Combined"
2023,19.9086570310629,"Camarasa","-","SE Europe","Combined"
2024,18.221675028212,"Camarasa","-","SE Europe","Combined"
2025,16.5885736557785,"Camarasa","-","SE Europe","Combined"
2026,15.0064277650449,"Camarasa","-","SE Europe","Combined"
2027,13.4724992287819,"Camarasa","-","SE Europe","Combined"
2028,11.9842605736756,"Camarasa","-","SE Europe","Combined"
2029,10.5393479983636,"Camarasa","-","SE Europe","Combined"
2030,9.13556038877137,"Camarasa","-","SE Europe","Combined"
2031,8.27042306068902,"Camarasa","-","SE Europe","Combined"
2032,7.43022038219691,"Camarasa","-","SE Europe","Combined"
2033,6.61341203462253,"Camarasa","-","SE Europe","Combined"
2034,5.81858201005456,"Camarasa","-","SE Europe","Combined"
2035,5.0444109619088,"Camarasa","-","SE Europe","Combined"
2036,4.28972932495361,"Camarasa","-","SE Europe","Combined"
2037,3.55340772847274,"Camarasa","-","SE Europe","Combined"
2038,2.83441787000187,"Camarasa","-","SE Europe","Combined"
2039,2.13180682977129,"Camarasa","-","SE Europe","Combined"
2040,1.44469028790869,"Camarasa","-","SE Europe","Combined"
2041,1.29039960915315,"Camarasa","-","SE Europe","Combined"
2042,1.14115333685296,"Camarasa","-","SE Europe","Combined"
2043,0.996689014120317,"Camarasa","-","SE Europe","Combined"
2044,0.856771126914088,"Camarasa","-","SE Europe","Combined"
2045,0.721176350554246,"Camarasa","-","SE Europe","Combined"
2046,0.589697172778891,"Camarasa","-","SE Europe","Combined"
2047,0.462134728623454,"Camarasa","-","SE Europe","Combined"
2048,0.338307329917108,"Camarasa","-","SE Europe","Combined"
2049,0.218043249867607,"Camarasa","-","SE Europe","Combined"
2050,0.101179508976237,"Camarasa","-","SE Europe","Combined"
2020,0.153846153846154,"Camarasa","-","South America","Combined"
2021,0.150582800183486,"Camarasa","-","South America","Combined"
2022,0.146765851652195,"Camarasa","-","South America","Combined"
2023,0.143076810288188,"Camarasa","-","South America","Combined"
2024,0.13950846125422,"Camarasa","-","South America","Combined"
2025,0.136054081957436,"Camarasa","-","South America","Combined"
2026,0.132707485045759,"Camarasa","-","South America","Combined"
2027,0.129462878759918,"Camarasa","-","South America","Combined"
2028,0.126314916921387,"Camarasa","-","South America","Combined"
2029,0.123258599554889,"Camarasa","-","South America","Combined"
2030,0.120289270805608,"Camarasa","-","South America","Combined"
2031,0.118459309404896,"Camarasa","-","South America","Combined"
2032,0.116682090435715,"Camarasa","-","South America","Combined"
2033,0.114954355775192,"Camarasa","-","South America","Combined"
2034,0.113273110245872,"Camarasa","-","South America","Combined"
2035,0.111635563130901,"Camarasa","-","South America","Combined"
2036,0.110039240534909,"Camarasa","-","South America","Combined"
2037,0.108481753583031,"Camarasa","-","South America","Combined"
2038,0.106960927182648,"Camarasa","-","South America","Combined"
2039,0.105474745692611,"Camarasa","-","South America","Combined"
2040,0.104021338576095,"Camarasa","-","South America","Combined"
2041,0.103694978844007,"Camarasa","-","South America","Combined"
2042,0.103379289174119,"Camarasa","-","South America","Combined"
2043,0.103073714410669,"Camarasa","-","South America","Combined"
2044,0.102777756388116,"Camarasa","-","South America","Combined"
2045,0.102490942724178,"Camarasa","-","South America","Combined"
2046,0.102212834483421,"Camarasa","-","South America","Combined"
2047,0.101943011021402,"Camarasa","-","South America","Combined"
2048,0.101681088026488,"Camarasa","-","South America","Combined"
2049,0.101426702257618,"Camarasa","-","South America","Combined"
2050,0.101179508976237,"Camarasa","-","South America","Combined"
2020,42.9001765866833,"IPCC_normative","IMAGE","Southeast Asia and Developing Pacific","Combined"
2021,40.2482464282876,"IPCC_normative","IMAGE","Southeast Asia and Developing Pacific","Combined"
2022,37.1464432008371,"IPCC_normative","IMAGE","Southeast Asia and Developing Pacific","Combined"
2023,34.1485823925849,"IPCC_normative","IMAGE","Southeast Asia and Developing Pacific","Combined"
2024,31.2488009416447,"IPCC_normative","IMAGE","Southeast Asia and Developing Pacific","Combined"
2025,28.4416358033772,"IPCC_normative","IMAGE","Southeast Asia and Developing Pacific","Combined"
2026,25.7220588909518,"IPCC_normative","IMAGE","Southeast Asia and Developing Pacific","Combined"
2027,23.0853635918874,"IPCC_normative","IMAGE","Southeast Asia and Developing Pacific","Combined"
2028,20.5272053902253,"IPCC_normative","IMAGE","Southeast Asia and Developing Pacific","Combined"
2029,18.043521108449,"IPCC_normative","IMAGE","Southeast Asia and Developing Pacific","Combined"
2030,15.6305272149304,"IPCC_normative","IMAGE","Southeast Asia and Developing Pacific","Combined"
2031,14.1434282581842,"IPCC_normative","IMAGE","Southeast Asia and Developing Pacific","Combined"
2032,12.6991898857509,"IPCC_normative","IMAGE","Southeast Asia and Developing Pacific","Combined"
2033,11.2951644182198,"IPCC_normative","IMAGE","Southeast Asia and Developing Pacific","Combined"
2034,9.92891785601731,"IPCC_normative","IMAGE","Southeast Asia and Developing Pacific","Combined"
2035,8.59818235233428,"IPCC_normative","IMAGE","Southeast Asia and Developing Pacific","Combined"
2036,7.30094752202219,"IPCC_normative","IMAGE","Southeast Asia and Developing Pacific","Combined"
2037,6.03527207095421,"IPCC_normative","IMAGE","Southeast Asia and Developing Pacific","Combined"
2038,4.79938843290439,"IPCC_normative","IMAGE","Southeast Asia and Developing Pacific","Combined"
2039,3.5916586182156,"IPCC_normative","IMAGE","Southeast Asia and Developing Pacific","Combined"
2040,2.41056255473648,"IPCC_normative","IMAGE","Southeast Asia and Developing Pacific","Combined"
2041,2.14534973826766,"IPCC_normative","IMAGE","Southeast Asia and Developing Pacific","Combined"
2042,1.88880783603831,"IPCC_normative","IMAGE","Southeast Asia and Developing Pacific","Combined"
2043,1.64048570653437,"IPCC_normative","IMAGE","Southeast Asia and Developing Pacific","Combined"
2044,1.39997852074952,"IPCC_normative","IMAGE","Southeast Asia and Developing Pacific","Combined"
2045,1.16690240217317,"IPCC_normative","IMAGE","Southeast Asia and Developing Pacific","Combined"
2046,0.940900654523497,"IPCC_normative","IMAGE","Southeast Asia and Developing Pacific","Combined"
2047,0.721631445502053,"IPCC_normative","IMAGE","Southeast Asia and Developing Pacific","Combined"
2048,0.508782468287106,"IPCC_normative","IMAGE","Southeast Asia and Developing Pacific","Combined"
2049,0.302058538836418,"IPCC_normative","IMAGE","Southeast Asia and Developing Pacific","Combined"
2050,0.101179508976237,"IPCC_normative","IMAGE","Southeast Asia and Developing Pacific","Combined"
2020,44.391373565734,"IPCC_normative","SDS","Southeast Asia and Developing Pacific","Combined"
2021,41.6624041048888,"IPCC_normative","SDS","Southeast Asia and Developing Pacific","Combined"
2022,38.8168757522529,"IPCC_normative","SDS","Southeast Asia and Developing Pacific","Combined"
2023,36.0068813968738,"IPCC_normative","SDS","Southeast Asia and Developing Pacific","Combined"
2024,33.2332207941971,"IPCC_normative","SDS","Southeast Asia and Developing Pacific","Combined"
2025,30.4963957966111,"IPCC_normative","SDS","Southeast Asia and Developing Pacific","Combined"
2026,27.7967310931523,"IPCC_normative","SDS","Southeast Asia and Developing Pacific","Combined"
2027,25.134326124019,"IPCC_normative","SDS","Southeast Asia and Developing Pacific","Combined"
2028,22.5091627446312,"IPCC_normative","SDS","Southeast Asia and Developing Pacific","Combined"
2029,19.9210741408134,"IPCC_normative","SDS","Southeast Asia and Developing Pacific","Combined"
2030,17.3697921952503,"IPCC_normative","SDS","Southeast Asia and Developing Pacific","Combined"
2031,15.7388974346661,"IPCC_normative","SDS","Southeast Asia and Developing Pacific","Combined"
2032,14.1501239636317,"IPCC_normative","SDS","Southeast Asia and Developing Pacific","Combined"
2033,12.6010572300965,"IPCC_normative","SDS","Southeast Asia and Developing Pacific","Combined"
2034,11.0894627244693,"IPCC_normative","SDS","Southeast Asia and Developing Pacific","Combined"
2035,9.61321096815384,"IPCC_normative","SDS","Southeast Asia and Developing Pacific","Combined"
2036,8.17050724389241,"IPCC_normative","SDS","Southeast Asia and Developing Pacific","Combined"
2037,6.75949672324244,"IPCC_normative","SDS","Southeast Asia and Developing Pacific","Combined"
2038,5.3785178140685,"IPCC_normative","SDS","Southeast Asia and Developing Pacific","Combined"
2039,4.02602256616883,"IPCC_normative","SDS","Southeast Asia and Developing Pacific","Combined"
2040,2.70056716781735,"IPCC_normative","SDS","Southeast Asia and Developing Pacific","Combined"
2041,2.40465658679943,"IPCC_normative","SDS","Southeast Asia and Developing Pacific","Combined"
2042,2.11777839965285,"IPCC_normative","SDS","Southeast Asia and Developing Pacific","Combined"
2043,1.83948074164958,"IPCC_normative","SDS","Southeast Asia and Developing Pacific","Combined"
2044,1.56937537560835,"IPCC_normative","SDS","Southeast Asia and Developing Pacific","Combined"
2045,1.30708554029431,"IPCC_normative","SDS","Southeast Asia and Developing Pacific","Combined"
2046,1.05226228531437,"IPCC_normative","SDS","Southeast Asia and Developing Pacific","Combined"
2047,0.804560859333655,"IPCC_normative","SDS","Southeast Asia and Developing Pacific","Combined"
2048,0.563674135407919,"IPCC_normative","SDS","Southeast Asia and Developing Pacific","Combined"
2049,0.329307960567484,"IPCC_normative","SDS","Southeast Asia and Developing Pacific","Combined"
2050,0.101179508976237,"IPCC_normative","SDS","Southeast Asia and Developing Pacific","Combined"
2020,23.1136469492315,"IPCC_normative","IMAGE","Southern Asia","Combined"
2021,21.6877383861615,"IPCC_normative","IMAGE","Southern Asia","Combined"
2022,20.0199388896409,"IPCC_normative","IMAGE","Southern Asia","Combined"
2023,18.408027888197,"IPCC_normative","IMAGE","Southern Asia","Combined"
2024,16.8488528892488,"IPCC_normative","IMAGE","Southern Asia","Combined"
2025,15.3394764843179,"IPCC_normative","IMAGE","Southern Asia","Combined"
2026,13.8771951361164,"IPCC_normative","IMAGE","Southern Asia","Combined"
2027,12.4594781599586,"IPCC_normative","IMAGE","Southern Asia","Combined"
2028,11.0839895657776,"IPCC_normative","IMAGE","Southern Asia","Combined"
2029,9.74854463555005,"IPCC_normative","IMAGE","Southern Asia","Combined"
2030,8.45110901323131,"IPCC_normative","IMAGE","Southern Asia","Combined"
2031,7.65151512881329,"IPCC_normative","IMAGE","Southern Asia","Combined"
2032,6.87496682649571,"IPCC_normative","IMAGE","Southern Asia","Combined"
2033,6.12004048328758,"IPCC_normative","IMAGE","Southern Asia","Combined"
2034,5.38542736908397,"IPCC_normative","IMAGE","Southern Asia","Combined"
2035,4.66990809197342,"IPCC_normative","IMAGE","Southern Asia","Combined"
2036,3.97240169385104,"IPCC_normative","IMAGE","Southern Asia","Combined"
2037,3.29186436596109,"IPCC_normative","IMAGE","Southern Asia","Combined"
2038,2.62734571079429,"IPCC_normative","IMAGE","Southern Asia","Combined"
2039,1.97796500248728,"IPCC_normative","IMAGE","Southern Asia","Combined"
2040,1.34290491789515,"IPCC_normative","IMAGE","Southern Asia","Combined"
2041,1.20030341504577,"IPCC_normative","IMAGE","Southern Asia","Combined"
2042,1.06236415068882,"IPCC_normative","IMAGE","Southern Asia","Combined"
2043,0.928844551864375,"IPCC_normative","IMAGE","Southern Asia","Combined"
2044,0.799526947249191,"IPCC_normative","IMAGE","Southern Asia","Combined"
2045,0.674204931406132,"IPCC_normative","IMAGE","Southern Asia","Combined"
2046,0.552686713355696,"IPCC_normative","IMAGE","Southern Asia","Combined"
2047,0.434788494290072,"IPCC_normative","IMAGE","Southern Asia","Combined"
2048,0.320342350868596,"IPCC_normative","IMAGE","Southern Asia","Combined"
2049,0.209189566447779,"IPCC_normative","IMAGE","Southern Asia","Combined"
2050,0.101179508976237,"IPCC_normative","IMAGE","Southern Asia","Combined"
2020,11.6459261717978,"IPCC_normative","SDS","Southern Asia","Combined"
2021,11.5058779567496,"IPCC_normative","SDS","Southern Asia","Combined"
2022,11.226518776675,"IPCC_normative","SDS","Southern Asia","Combined"
2023,10.8580383154677,"IPCC_normative","SDS","Southern Asia","Combined"
2024,10.4100800413044,"IPCC_normative","SDS","Southern Asia","Combined"
2025,9.8912288723059,"IPCC_normative","SDS","Southern Asia","Combined"
2026,9.30916032665378,"IPCC_normative","SDS","Southern Asia","Combined"
2027,8.67072253164559,"IPCC_normative","SDS","Southern Asia","Combined"
2028,7.98205577819082,"IPCC_normative","SDS","Southern Asia","Combined"
2029,7.24865604012219,"IPCC_normative","SDS","Southern Asia","Combined"
2030,6.47545535746236,"IPCC_normative","SDS","Southern Asia","Combined"
2031,6.00033851857959,"IPCC_normative","SDS","Southern Asia","Combined"
2032,5.50988245976927,"IPCC_normative","SDS","Southern Asia","Combined"
2033,5.00614915384494,"IPCC_normative","SDS","Southern Asia","Combined"
2034,4.49094604328558,"IPCC_normative","SDS","Southern Asia","Combined"
2035,3.96583592416354,"IPCC_normative","SDS","Southern Asia","Combined"
2036,3.43226472119509,"IPCC_normative","SDS","Southern Asia","Combined"
2037,2.89143215680576,"IPCC_normative","SDS","Southern Asia","Combined"
2038,2.34441944566083,"IPCC_normative","SDS","Southern Asia","Combined"
2039,1.79217999832376,"IPCC_normative","SDS","Southern Asia","Combined"
2040,1.23555521181878,"IPCC_normative","SDS","Southern Asia","Combined"
2041,1.11874012955671,"IPCC_normative","SDS","Southern Asia","Combined"
2042,1.00240333360013,"IPCC_normative","SDS","Southern Asia","Combined"
2043,0.886667015127123,"IPCC_normative","SDS","Southern Asia","Combined"
2044,0.771650721738929,"IPCC_normative","SDS","Southern Asia","Combined"
2045,0.657451520750439,"IPCC_normative","SDS","Southern Asia","Combined"
2046,0.544154230747766,"IPCC_normative","SDS","Southern Asia","Combined"
2047,0.431823034609752,"IPCC_normative","SDS","Southern Asia","Combined"
2048,0.320519282655678,"IPCC_normative","SDS","Southern Asia","Combined"
2049,0.210292139079839,"IPCC_normative","SDS","Southern Asia","Combined"
2050,0.101179508976237,"IPCC_normative","SDS","Southern Asia","Combined"
2020,5.33012379642366,"Camarasa","-","US","Combined"
2021,5.00612566564327,"Camarasa","-","US","Combined"
2022,4.6271645363085,"Camarasa","-","US","Combined"
2023,4.26090251574265,"Camarasa","-","US","Combined"
2024,3.90662328753527,"Camarasa","-","US","Combined"
2025,3.56365940716643,"Camarasa","-","US","Combined"
2026,3.23139657085086,"Camarasa","-","US","Combined"
2027,2.90925975075785,"Camarasa","-","US","Combined"
2028,2.59671815800321,"Camarasa","-","US","Combined"
2029,2.29327537607453,"Camarasa","-","US","Combined"
2030,1.99846915404434,"Camarasa","-","US","Combined"
2031,1.81678364443699,"Camarasa","-","US","Combined"
2032,1.64033460350418,"Camarasa","-","US","Combined"
2033,1.46879855244794,"Camarasa","-","US","Combined"
2034,1.30187811868865,"Camarasa","-","US","Combined"
2035,1.1392962292707,"Camarasa","-","US","Combined"
2036,0.980807266477424,"Camarasa","-","US","Combined"
2037,0.826174053750306,"Camarasa","-","US","Combined"
2038,0.67518063964303,"Camarasa","-","US","Combined"
2039,0.527626903656392,"Camarasa","-","US","Combined"
2040,0.383327131798592,"Camarasa","-","US","Combined"
2041,0.350924899589398,"Camarasa","-","US","Combined"
2042,0.319582031631125,"Camarasa","-","US","Combined"
2043,0.289243409953639,"Camarasa","-","US","Combined"
2044,0.259859574792352,"Camarasa","-","US","Combined"
2045,0.231383626242495,"Camarasa","-","US","Combined"
2046,0.20377198512903,"Camarasa","-","US","Combined"
2047,0.176982888276034,"Camarasa","-","US","Combined"
2048,0.150978179766712,"Camarasa","-","US","Combined"
2049,0.125721795650578,"Camarasa","-","US","Combined"
2050,0.101179508976237,"Camarasa","-","US","Combined"
2020,4.59859647918193,"IPCC_normative","RECC","Africa","Residential"
2021,4.41555231919757,"IPCC_normative","RECC","Africa","Residential"
2022,4.22014124653868,"IPCC_normative","RECC","Africa","Residential"
2023,4.01356490618457,"IPCC_normative","RECC","Africa","Residential"
2024,3.79719113632011,"IPCC_normative","RECC","Africa","Residential"
2025,3.57223386983664,"IPCC_normative","RECC","Africa","Residential"
2026,3.34700877868407,"IPCC_normative","RECC","Africa","Residential"
2027,3.11338059072495,"IPCC_normative","RECC","Africa","Residential"
2028,2.8722819877616,"IPCC_normative","RECC","Africa","Residential"
2029,2.62455650694572,"IPCC_normative","RECC","Africa","Residential"
2030,2.37096464427956,"IPCC_normative","RECC","Africa","Residential"
2031,2.18645112540509,"IPCC_normative","RECC","Africa","Residential"
2032,2.00253932323909,"IPCC_normative","RECC","Africa","Residential"
2033,1.81935381049823,"IPCC_normative","RECC","Africa","Residential"
2034,1.63699563281505,"IPCC_normative","RECC","Africa","Residential"
2035,1.45553606610078,"IPCC_normative","RECC","Africa","Residential"
2036,1.27513738973868,"IPCC_normative","RECC","Africa","Residential"
2037,1.09572679012015,"IPCC_normative","RECC","Africa","Residential"
2038,0.917339072566732,"IPCC_normative","RECC","Africa","Residential"
2039,0.739999561857276,"IPCC_normative","RECC","Africa","Residential"
2040,0.563725613850031,"IPCC_normative","RECC","Africa","Residential"
2041,0.519800269148289,"IPCC_normative","RECC","Africa","Residential"
2042,0.476816113502717,"IPCC_normative","RECC","Africa","Residential"
2043,0.434745835237435,"IPCC_normative","RECC","Africa","Residential"
2044,0.393569078085799,"IPCC_normative","RECC","Africa","Residential"
2045,0.353262829414934,"IPCC_normative","RECC","Africa","Residential"
2046,0.31380640186581,"IPCC_normative","RECC","Africa","Residential"
2047,0.275173248839879,"IPCC_normative","RECC","Africa","Residential"
2048,0.237342001885603,"IPCC_normative","RECC","Africa","Residential"
2049,0.200290645254285,"IPCC_normative","RECC","Africa","Residential"
2050,0.16399633953584,"IPCC_normative","RECC","Africa","Residential"
2020,141.176470588235,"IPCC_normative","RECC","Asia Pacific Developed","Residential"
2021,132.69207569979,"IPCC_normative","RECC","Asia Pacific Developed","Residential"
2022,123.286673876356,"IPCC_normative","RECC","Asia Pacific Developed","Residential"
2023,114.148485428902,"IPCC_normative","RECC","Asia Pacific Developed","Residential"
2024,105.264101583115,"IPCC_normative","RECC","Asia Pacific Developed","Residential"
2025,96.620924692119,"IPCC_normative","RECC","Asia Pacific Developed","Residential"
2026,88.4077565793331,"IPCC_normative","RECC","Asia Pacific Developed","Residential"
2027,80.3546027784044,"IPCC_normative","RECC","Asia Pacific Developed","Residential"
2028,72.4567133509219,"IPCC_normative","RECC","Asia Pacific Developed","Residential"
2029,64.7094179327314,"IPCC_normative","RECC","Asia Pacific Developed","Residential"
2030,57.1080672001199,"IPCC_normative","RECC","Asia Pacific Developed","Residential"
2031,51.8215986233949,"IPCC_normative","RECC","Asia Pacific Developed","Residential"
2032,46.6764500815533,"IPCC_normative","RECC","Asia Pacific Developed","Residential"
2033,41.6637471550248,"IPCC_normative","RECC","Asia Pacific Developed","Residential"
2034,36.7753495022802,"IPCC_normative","RECC","Asia Pacific Developed","Residential"
2035,32.0036514701106,"IPCC_normative","RECC","Asia Pacific Developed","Residential"
2036,27.3439002101926,"IPCC_normative","RECC","Asia Pacific Developed","Residential"
2037,22.786844354818,"IPCC_normative","RECC","Asia Pacific Developed","Residential"
2038,18.3265450092829,"IPCC_normative","RECC","Asia Pacific Developed","Residential"
2039,13.9575150520644,"IPCC_normative","RECC","Asia Pacific Developed","Residential"
2040,9.6746768167832,"IPCC_normative","RECC","Asia Pacific Developed","Residential"
2041,8.57611658202724,"IPCC_normative","RECC","Asia Pacific Developed","Residential"
2042,7.51509714653774,"IPCC_normative","RECC","Asia Pacific Developed","Residential"
2043,6.48956157143854,"IPCC_normative","RECC","Asia Pacific Developed","Residential"
2044,5.49768263714756,"IPCC_normative","RECC","Asia Pacific Developed","Residential"
2045,4.5377290286571,"IPCC_normative","RECC","Asia Pacific Developed","Residential"
2046,3.60812827067841,"IPCC_normative","RECC","Asia Pacific Developed","Residential"
2047,2.70731125500062,"IPCC_normative","RECC","Asia Pacific Developed","Residential"
2048,1.83388314045409,"IPCC_normative","RECC","Asia Pacific Developed","Residential"
2049,0.986528225886116,"IPCC_normative","RECC","Asia Pacific Developed","Residential"
2050,0.16399633953584,"IPCC_normative","RECC","Asia Pacific Developed","Residential"
2020,20.0396388460691,"IPCC_normative","RECC","Eastern Asia","Residential"
2021,18.8437673418958,"IPCC_normative","RECC","Eastern Asia","Residential"
2022,17.5180803396015,"IPCC_normative","RECC","Eastern Asia","Residential"
2023,16.2300569380788,"IPCC_normative","RECC","Eastern Asia","Residential"
2024,14.9778071768397,"IPCC_normative","RECC","Eastern Asia","Residential"
2025,13.7595554234296,"IPCC_normative","RECC","Eastern Asia","Residential"
2026,12.6019132068418,"IPCC_normative","RECC","Eastern Asia","Residential"
2027,11.466824932913,"IPCC_normative","RECC","Eastern Asia","Residential"
2028,10.3536211000385,"IPCC_normative","RECC","Eastern Asia","Residential"
2029,9.26164342256801,"IPCC_normative","RECC","Eastern Asia","Residential"
2030,8.19023658049174,"IPCC_normative","RECC","Eastern Asia","Residential"
2031,7.44511129910921,"IPCC_normative","RECC","Eastern Asia","Residential"
2032,6.71990501076131,"IPCC_normative","RECC","Eastern Asia","Residential"
2033,6.01336687014675,"IPCC_normative","RECC","Eastern Asia","Residential"
2034,5.32434949992198,"IPCC_normative","RECC","Eastern Asia","Residential"
2035,4.65178088681287,"IPCC_normative","RECC","Eastern Asia","Residential"
2036,3.99499111906399,"IPCC_normative","RECC","Eastern Asia","Residential"
2037,3.35267622070977,"IPCC_normative","RECC","Eastern Asia","Residential"
2038,2.72399910731036,"IPCC_normative","RECC","Eastern Asia","Residential"
2039,2.10818637164517,"IPCC_normative","RECC","Eastern Asia","Residential"
2040,1.50452231900519,"IPCC_normative","RECC","Eastern Asia","Residential"
2041,1.34968076605581,"IPCC_normative","RECC","Eastern Asia","Residential"
2042,1.20013057126184,"IPCC_normative","RECC","Eastern Asia","Residential"
2043,1.0555818100476,"IPCC_normative","RECC","Eastern Asia","Residential"
2044,0.915776936664845,"IPCC_normative","RECC","Eastern Asia","Residential"
2045,0.780471923070355,"IPCC_normative","RECC","Eastern Asia","Residential"
2046,0.649445129605257,"IPCC_normative","RECC","Eastern Asia","Residential"
2047,0.522475391198733,"IPCC_normative","RECC","Eastern Asia","Residential"
2048,0.399366105638188,"IPCC_normative","RECC","Eastern Asia","Residential"
2049,0.279931825459515,"IPCC_normative","RECC","Eastern Asia","Residential"
2050,0.16399633953584,"IPCC_normative","RECC","Eastern Asia","Residential"
2020,60.4691441695847,"IPCC_normative","RECC","Europe and Eurasia","Residential"
2021,56.8407227074251,"IPCC_normative","RECC","Europe and Eurasia","Residential"
2022,52.8184250320944,"IPCC_normative","RECC","Europe and Eurasia","Residential"
2023,48.9104033612552,"IPCC_normative","RECC","Europe and Eurasia","Residential"
2024,45.1109233219636,"IPCC_normative","RECC","Europe and Eurasia","Residential"
2025,41.4145974266138,"IPCC_normative","RECC","Europe and Eurasia","Residential"
2026,37.9021683324256,"IPCC_normative","RECC","Europe and Eurasia","Residential"
2027,34.4581706786677,"IPCC_normative","RECC","Europe and Eurasia","Residential"
2028,31.0805731149961,"IPCC_normative","RECC","Europe and Eurasia","Residential"
2029,27.7673783216542,"IPCC_normative","RECC","Europe and Eurasia","Residential"
2030,24.5165979770039,"IPCC_normative","RECC","Europe and Eurasia","Residential"
2031,22.2557960818747,"IPCC_normative","RECC","Europe and Eurasia","Residential"
2032,20.0554308654182,"IPCC_normative","RECC","Europe and Eurasia","Residential"
2033,17.9117071088994,"IPCC_normative","RECC","Europe and Eurasia","Residential"
2034,15.8211435281137,"IPCC_normative","RECC","Europe and Eurasia","Residential"
2035,13.7804875027266,"IPCC_normative","RECC","Europe and Eurasia","Residential"
2036,11.7877064379464,"IPCC_normative","RECC","Europe and Eurasia","Residential"
2037,9.8388439100578,"IPCC_normative","RECC","Europe and Eurasia","Residential"
2038,7.93136010175032,"IPCC_normative","RECC","Europe and Eurasia","Residential"
2039,6.06290840024134,"IPCC_normative","RECC","Europe and Eurasia","Residential"
2040,4.23131729961786,"IPCC_normative","RECC","Europe and Eurasia","Residential"
2041,3.76150895315675,"IPCC_normative","RECC","Europe and Eurasia","Residential"
2042,3.30775523917751,"IPCC_normative","RECC","Europe and Eurasia","Residential"
2043,2.86917649080198,"IPCC_normative","RECC","Europe and Eurasia","Residential"
2044,2.44499128250307,"IPCC_normative","RECC","Europe and Eurasia","Residential"
2045,2.03445920313606,"IPCC_normative","RECC","Europe and Eurasia","Residential"
2046,1.63690777067229,"IPCC_normative","RECC","Europe and Eurasia","Residential"
2047,1.25166594304176,"IPCC_normative","RECC","Europe and Eurasia","Residential"
2048,0.878137204912162,"IPCC_normative","RECC","Europe and Eurasia","Residential"
2049,0.515758885832271,"IPCC_normative","RECC","Europe and Eurasia","Residential"
2050,0.16399633953584,"IPCC_normative","RECC","Europe and Eurasia","Residential"
2020,82.0465966194609,"Ostermeyer","-","Germany","Residential"
2021,77.1199096793938,"Ostermeyer","-","Germany","Residential"
2022,71.6584158499755,"Ostermeyer","-","Germany","Residential"
2023,66.3520864921497,"Ostermeyer","-","Germany","Residential"
2024,61.1931354486063,"Ostermeyer","-","Germany","Residential"
2025,56.1742475645035,"Ostermeyer","-","Germany","Residential"
2026,51.4050555820624,"Ostermeyer","-","Germany","Residential"
2027,46.7287801164521,"Ostermeyer","-","Germany","Residential"
2028,42.142662991062,"Ostermeyer","-","Germany","Residential"
2029,37.6439922361657,"Ostermeyer","-","Germany","Residential"
2030,33.2300680997223,"Ostermeyer","-","Germany","Residential"
2031,30.1603411435317,"Ostermeyer","-","Germany","Residential"
2032,27.1726753807892,"Ostermeyer","-","Germany","Residential"
2033,24.2619176464695,"Ostermeyer","-","Germany","Residential"
2034,21.4233410372608,"Ostermeyer","-","Germany","Residential"
2035,18.6525291306805,"Ostermeyer","-","Germany","Residential"
2036,15.9467220604009,"Ostermeyer","-","Germany","Residential"
2037,13.3005477765512,"Ostermeyer","-","Germany","Residential"
2038,10.7105577037926,"Ostermeyer","-","Germany","Residential"
2039,8.17356560076066,"Ostermeyer","-","Germany","Residential"
2040,5.68662298698448,"Ostermeyer","-","Germany","Residential"
2041,5.04871510638595,"Ostermeyer","-","Germany","Residential"
2042,4.43260627779967,"Ostermeyer","-","Germany","Residential"
2043,3.8371020855919,"Ostermeyer","-","Germany","Residential"
2044,3.26114150667613,"Ostermeyer","-","Germany","Residential"
2045,2.70371920747822,"Ostermeyer","-","Germany","Residential"
2046,2.16392208888262,"Ostermeyer","-","Germany","Residential"
2047,1.64083900695606,"Ostermeyer","-","Germany","Residential"
2048,1.13366001050411,"Ostermeyer","-","Germany","Residential"
2049,0.641621103063692,"Ostermeyer","-","Germany","Residential"
2050,0.16399633953584,"Ostermeyer","-","Germany","Residential"
2020,11.7697872799914,"IPCC_normative","RECC","Latin America and Caribbean","Residential"
2021,11.0714936442248,"IPCC_normative","RECC","Latin America and Caribbean","Residential"
2022,10.2973981051221,"IPCC_normative","RECC","Latin America and Caribbean","Residential"
2023,9.54529510671224,"IPCC_normative","RECC","Latin America and Caribbean","Residential"
2024,8.81408106271846,"IPCC_normative","RECC","Latin America and Caribbean","Residential"
2025,8.10271914532266,"IPCC_normative","RECC","Latin America and Caribbean","Residential"
2026,7.42674836625743,"IPCC_normative","RECC","Latin America and Caribbean","Residential"
2027,6.76394729193492,"IPCC_normative","RECC","Latin America and Caribbean","Residential"
2028,6.11392498678385,"IPCC_normative","RECC","Latin America and Caribbean","Residential"
2029,5.47629706445628,"IPCC_normative","RECC","Latin America and Caribbean","Residential"
2030,4.85068087030188,"IPCC_normative","RECC","Latin America and Caribbean","Residential"
2031,4.41558709975679,"IPCC_normative","RECC","Latin America and Caribbean","Residential"
2032,3.99212443340511,"IPCC_normative","RECC","Latin America and Caribbean","Residential"
2033,3.57956247729549,"IPCC_normative","RECC","Latin America and Caribbean","Residential"
2034,3.17723125451653,"IPCC_normative","RECC","Latin America and Caribbean","Residential"
2035,2.78450479476608,"IPCC_normative","RECC","Latin America and Caribbean","Residential"
2036,2.40099192297749,"IPCC_normative","RECC","Latin America and Caribbean","Residential"
2037,2.02593122112654,"IPCC_normative","RECC","Latin America and Caribbean","Residential"
2038,1.65883389862417,"IPCC_normative","RECC","Latin America and Caribbean","Residential"
2039,1.2992483473017,"IPCC_normative","RECC","Latin America and Caribbean","Residential"
2040,0.946756658496931,"IPCC_normative","RECC","Latin America and Caribbean","Residential"
2041,0.856341533962706,"IPCC_normative","RECC","Latin America and Caribbean","Residential"
2042,0.769016140818171,"IPCC_normative","RECC","Latin America and Caribbean","Residential"
2043,0.684611186220965,"IPCC_normative","RECC","Latin America and Caribbean","Residential"
2044,0.602976283983023,"IPCC_normative","RECC","Latin America and Caribbean","Residential"
2045,0.523968941178534,"IPCC_normative","RECC","Latin America and Caribbean","Residential"
2046,0.447459737913567,"IPCC_normative","RECC","Latin America and Caribbean","Residential"
2047,0.373319531415787,"IPCC_normative","RECC","Latin America and Caribbean","Residential"
2048,0.301433521664159,"IPCC_normative","RECC","Latin America and Caribbean","Residential"
2049,0.231693422121623,"IPCC_normative","RECC","Latin America and Caribbean","Residential"
2050,0.16399633953584,"IPCC_normative","RECC","Latin America and Caribbean","Residential"
2020,27.708506511499,"IPCC_normative","RECC","Middle East","Residential"
2021,26.0512169521685,"IPCC_normative","RECC","Middle East","Residential"
2022,24.2140235579156,"IPCC_normative","RECC","Middle East","Residential"
2023,22.4290259824508,"IPCC_normative","RECC","Middle East","Residential"
2024,20.6936050381995,"IPCC_normative","RECC","Middle East","Residential"
2025,19.0052999782354,"IPCC_normative","RECC","Middle East","Residential"
2026,17.4009901905234,"IPCC_normative","RECC","Middle East","Residential"
2027,15.827936615172,"IPCC_normative","RECC","Middle East","Residential"
2028,14.2852114284012,"IPCC_normative","RECC","Middle East","Residential"
2029,12.7719023499775,"IPCC_normative","RECC","Middle East","Residential"
2030,11.2871012095776,"IPCC_normative","RECC","Middle East","Residential"
2031,10.2544749241289,"IPCC_normative","RECC","Middle East","Residential"
2032,9.24945322585655,"IPCC_normative","RECC","Middle East","Residential"
2033,8.27030264017658,"IPCC_normative","RECC","Middle East","Residential"
2034,7.31543308279865,"IPCC_normative","RECC","Middle East","Residential"
2035,6.38335891216304,"IPCC_normative","RECC","Middle East","Residential"
2036,5.47315173608539,"IPCC_normative","RECC","Middle East","Residential"
2037,4.58300444924898,"IPCC_normative","RECC","Middle East","Residential"
2038,3.71175698445791,"IPCC_normative","RECC","Middle East","Residential"
2039,2.85833752111333,"IPCC_normative","RECC","Middle East","Residential"
2040,2.02175421906789,"IPCC_normative","RECC","Middle East","Residential"
2041,1.80716821366682,"IPCC_normative","RECC","Middle East","Residential"
2042,1.59991519729929,"IPCC_normative","RECC","Middle East","Residential"
2043,1.39959338016551,"IPCC_normative","RECC","Middle East","Residential"
2044,1.20584584442091,"IPCC_normative","RECC","Middle East","Residential"
2045,1.01833440563115,"IPCC_normative","RECC","Middle East","Residential"
2046,0.836751906136464,"IPCC_normative","RECC","Middle East","Residential"
2047,0.660791845981408,"IPCC_normative","RECC","Middle East","Residential"
2048,0.490181765463462,"IPCC_normative","RECC","Middle East","Residential"
2049,0.324664663604682,"IPCC_normative","RECC","Middle East","Residential"
2050,0.16399633953584,"IPCC_normative","RECC","Middle East","Residential"
2020,29.97642303806,"IPCC_normative","RECC","North America","Residential"
2021,28.1826781793816,"IPCC_normative","RECC","North America","Residential"
2022,26.1942168469697,"IPCC_normative","RECC","North America","Residential"
2023,24.2622489505228,"IPCC_normative","RECC","North America","Residential"
2024,22.3839396479222,"IPCC_normative","RECC","North America","Residential"
2025,20.5566255831341,"IPCC_normative","RECC","North America","Residential"
2026,18.8202226611257,"IPCC_normative","RECC","North America","Residential"
2027,17.1176494762974,"IPCC_normative","RECC","North America","Residential"
2028,15.4479018111751,"IPCC_normative","RECC","North America","Residential"
2029,13.8099922716314,"IPCC_normative","RECC","North America","Residential"
2030,12.2029379118442,"IPCC_normative","RECC","North America","Residential"
2031,11.0852888685425,"IPCC_normative","RECC","North America","Residential"
2032,9.99751727546948,"IPCC_normative","RECC","North America","Residential"
2033,8.9377469299393,"IPCC_normative","RECC","North America","Residential"
2034,7.90425682580387,"IPCC_normative","RECC","North America","Residential"
2035,6.89543899908695,"IPCC_normative","RECC","North America","Residential"
2036,5.91028861710972,"IPCC_normative","RECC","North America","Residential"
2037,4.94684978396203,"IPCC_normative","RECC","North America","Residential"
2038,4.00386691666106,"IPCC_normative","RECC","North America","Residential"
2039,3.0801799447304,"IPCC_normative","RECC","North America","Residential"
2040,2.17471536344969,"IPCC_normative","RECC","North America","Residential"
2041,1.94246111327027,"IPCC_normative","RECC","North America","Residential"
2042,1.71814362423414,"IPCC_normative","RECC","North America","Residential"
2043,1.50132802460534,"IPCC_normative","RECC","North America","Residential"
2044,1.29162800919955,"IPCC_normative","RECC","North America","Residential"
2045,1.08867754868475,"IPCC_normative","RECC","North America","Residential"
2046,0.892144195137212,"IPCC_normative","RECC","North America","Residential"
2047,0.701696212490562,"IPCC_normative","RECC","North America","Residential"
2048,0.517038707684114,"IPCC_normative","RECC","North America","Residential"
2049,0.337893519197891,"IPCC_normative","RECC","North America","Residential"
2050,0.16399633953584,"IPCC_normative","RECC","North America","Residential"
2020,25.9973166045733,"IPCC_normative","RECC","Southeast Asia and Developing Pacific","Residential"
2021,24.6078091604219,"IPCC_normative","RECC","Southeast Asia and Developing Pacific","Residential"
2022,23.2044489849788,"IPCC_normative","RECC","Southeast Asia and Developing Pacific","Residential"
2023,21.7888518589334,"IPCC_normative","RECC","Southeast Asia and Developing Pacific","Residential"
2024,20.3641490288781,"IPCC_normative","RECC","Southeast Asia and Developing Pacific","Residential"
2025,18.9330605128515,"IPCC_normative","RECC","Southeast Asia and Developing Pacific","Residential"
2026,17.5374502173086,"IPCC_normative","RECC","Southeast Asia and Developing Pacific","Residential"
2027,16.1291600547273,"IPCC_normative","RECC","Southeast Asia and Developing Pacific","Residential"
2028,14.7106960946444,"IPCC_normative","RECC","Southeast Asia and Developing Pacific","Residential"
2029,13.2842932606951,"IPCC_normative","RECC","Southeast Asia and Developing Pacific","Residential"
2030,11.8519294123365,"IPCC_normative","RECC","Southeast Asia and Developing Pacific","Residential"
2031,10.806102132896,"IPCC_normative","RECC","Southeast Asia and Developing Pacific","Residential"
2032,9.7798918559597,"IPCC_normative","RECC","Southeast Asia and Developing Pacific","Residential"
2033,8.77237938047737,"IPCC_normative","RECC","Southeast Asia and Developing Pacific","Residential"
2034,7.78269607529639,"IPCC_normative","RECC","Southeast Asia and Developing Pacific","Residential"
2035,6.80997001476263,"IPCC_normative","RECC","Southeast Asia and Developing Pacific","Residential"
2036,5.85392713113162,"IPCC_normative","RECC","Southeast Asia and Developing Pacific","Residential"
2037,4.91320031031,"IPCC_normative","RECC","Southeast Asia and Developing Pacific","Residential"
2038,3.98708089983565,"IPCC_normative","RECC","Southeast Asia and Developing Pacific","Residential"
2039,3.07490099517582,"IPCC_normative","RECC","Southeast Asia and Developing Pacific","Residential"
2040,2.17603082375984,"IPCC_normative","RECC","Southeast Asia and Developing Pacific","Residential"
2041,1.94812202102546,"IPCC_normative","RECC","Southeast Asia and Developing Pacific","Residential"
2042,1.72688382853712,"IPCC_normative","RECC","Southeast Asia and Developing Pacific","Residential"
2043,1.51199278884415,"IPCC_normative","RECC","Southeast Asia and Developing Pacific","Residential"
2044,1.30317894768002,"IPCC_normative","RECC","Southeast Asia and Developing Pacific","Residential"
2045,1.10017563391327,"IPCC_normative","RECC","Southeast Asia and Developing Pacific","Residential"
2046,0.902742427575213,"IPCC_normative","RECC","Southeast Asia and Developing Pacific","Residential"
2047,0.710623165868335,"IPCC_normative","RECC","Southeast Asia and Developing Pacific","Residential"
2048,0.523599093584551,"IPCC_normative","RECC","Southeast Asia and Developing Pacific","Residential"
2049,0.341458799525372,"IPCC_normative","RECC","Southeast Asia and Developing Pacific","Residential"
2050,0.16399633953584,"IPCC_normative","RECC","Southeast Asia and Developing Pacific","Residential"
2020,4.98640475375894,"IPCC_normative","RECC","Southern Asia","Residential"
2021,4.68172791880211,"IPCC_normative","RECC","Southern Asia","Residential"
2022,4.38261953324814,"IPCC_normative","RECC","Southern Asia","Residential"
2023,4.08862669394558,"IPCC_normative","RECC","Southern Asia","Residential"
2024,3.78538043151904,"IPCC_normative","RECC","Southern Asia","Residential"
2025,3.48756661654036,"IPCC_normative","RECC","Southern Asia","Residential"
2026,3.20456940850242,"IPCC_normative","RECC","Southern Asia","Residential"
2027,2.92708573712657,"IPCC_normative","RECC","Southern Asia","Residential"
2028,2.65495193605528,"IPCC_normative","RECC","Southern Asia","Residential"
2029,2.38800708078318,"IPCC_normative","RECC","Southern Asia","Residential"
2030,2.12609097178532,"IPCC_normative","RECC","Southern Asia","Residential"
2031,1.94393765079528,"IPCC_normative","RECC","Southern Asia","Residential"
2032,1.76665372670089,"IPCC_normative","RECC","Southern Asia","Residential"
2033,1.59393341786868,"IPCC_normative","RECC","Southern Asia","Residential"
2034,1.42549623644142,"IPCC_normative","RECC","Southern Asia","Residential"
2035,1.26108011806173,"IPCC_normative","RECC","Southern Asia","Residential"
2036,1.10052129610663,"IPCC_normative","RECC","Southern Asia","Residential"
2037,0.943501000620863,"IPCC_normative","RECC","Southern Asia","Residential"
2038,0.789814597948198,"IPCC_normative","RECC","Southern Asia","Residential"
2039,0.639273020964995,"IPCC_normative","RECC","Southern Asia","Residential"
2040,0.491701310947777,"IPCC_normative","RECC","Southern Asia","Residential"
2041,0.453848746014465,"IPCC_normative","RECC","Southern Asia","Residential"
2042,0.417289706458209,"IPCC_normative","RECC","Southern Asia","Residential"
2043,0.381953317319303,"IPCC_normative","RECC","Southern Asia","Residential"
2044,0.347776618965958,"IPCC_normative","RECC","Southern Asia","Residential"
2045,0.314699956304466,"IPCC_normative","RECC","Southern Asia","Residential"
2046,0.282669147305393,"IPCC_normative","RECC","Southern Asia","Residential"
2047,0.2516301259571,"IPCC_normative","RECC","Southern Asia","Residential"
2048,0.221534830884092,"IPCC_normative","RECC","Southern Asia","Residential"
2049,0.192337927600613,"IPCC_normative","RECC","Southern Asia","Residential"
2050,0.16399633953584,"IPCC_normative","RECC","Southern Asia","Residential"
