"year","intensity_SDA","Reference_key","Scenario_key","Region","Sector","Scope"
2020,9.46140420710983,"IPCC_normative","RECC","North America","Residential","1"
2021,8.92092733706517,"IPCC_normative","RECC","North America","Residential","1"
2022,8.46780943832772,"IPCC_normative","RECC","North America","Residential","1"
2023,8.03290184793536,"IPCC_normative","RECC","North America","Residential","1"
2024,7.61513279220574,"IPCC_normative","RECC","North America","Residential","1"
2025,7.21350043000737,"IPCC_normative","RECC","North America","Residential","1"
2026,6.82709572316882,"IPCC_normative","RECC","North America","Residential","1"
2027,6.45506072196992,"IPCC_normative","RECC","North America","Residential","1"
2028,6.09661232078227,"IPCC_normative","RECC","North America","Residential","1"
2029,5.75102358582579,"IPCC_normative","RECC","North America","Residential","1"
2030,5.41760705656193,"IPCC_normative","RECC","North America","Residential","1"
2031,4.9751344695112,"IPCC_normative","RECC","North America","Residential","1"
2032,4.55237037023759,"IPCC_normative","RECC","North America","Residential","1"
2033,4.1480266708015,"IPCC_normative","RECC","North America","Residential","1"
2034,3.76092513746028,"IPCC_normative","RECC","North America","Residential","1"
2035,3.38997313623752,"IPCC_normative","RECC","North America","Residential","1"
2036,3.03420630989322,"IPCC_normative","RECC","North America","Residential","1"
2037,2.69269812897716,"IPCC_normative","RECC","North America","Residential","1"
2038,2.36460823336163,"IPCC_normative","RECC","North America","Residential","1"
2039,2.04916102817429,"IPCC_normative","RECC","North America","Residential","1"
2040,1.74563956253965,"IPCC_normative","RECC","North America","Residential","1"
2041,1.578636821944,"IPCC_normative","RECC","North America","Residential","1"
2042,1.41767329159247,"IPCC_normative","RECC","North America","Residential","1"
2043,1.26241785942583,"IPCC_normative","RECC","North America","Residential","1"
2044,1.11257689903518,"IPCC_normative","RECC","North America","Residential","1"
2045,0.967872023397436,"IPCC_normative","RECC","North America","Residential","1"
2046,0.828046094832288,"IPCC_normative","RECC","North America","Residential","1"
2047,0.692851272448665,"IPCC_normative","RECC","North America","Residential","1"
2048,0.562063913058816,"IPCC_normative","RECC","North America","Residential","1"
2049,0.43547315440145,"IPCC_normative","RECC","North America","Residential","1"
2050,0.312877517143081,"IPCC_normative","RECC","North America","Residential","1"
2020,20.5150188309501,"IPCC_normative","RECC","North America","Residential","2"
2021,19.2567021516793,"IPCC_normative","RECC","North America","Residential","2"
2022,17.6418058937712,"IPCC_normative","RECC","North America","Residential","2"
2023,16.0647500320808,"IPCC_normative","RECC","North America","Residential","2"
2024,14.5238737228392,"IPCC_normative","RECC","North America","Residential","2"
2025,13.0176089098853,"IPCC_normative","RECC","North America","Residential","2"
2026,11.593444368109,"IPCC_normative","RECC","North America","Residential","2"
2027,10.1867199520844,"IPCC_normative","RECC","North America","Residential","2"
2028,8.79745508263953,"IPCC_normative","RECC","North America","Residential","2"
2029,7.42560399862687,"IPCC_normative","RECC","North America","Residential","2"
2030,6.07106661419976,"IPCC_normative","RECC","North America","Residential","2"
2031,5.44628164442467,"IPCC_normative","RECC","North America","Residential","2"
2032,4.82632768635868,"IPCC_normative","RECC","North America","Residential","2"
2033,4.2109773866168,"IPCC_normative","RECC","North America","Residential","2"
2034,3.600017218439,"IPCC_normative","RECC","North America","Residential","2"
2035,2.99323531398992,"IPCC_normative","RECC","North America","Residential","2"
2036,2.39092342915339,"IPCC_normative","RECC","North America","Residential","2"
2037,1.79221746340117,"IPCC_normative","RECC","North America","Residential","2"
2038,1.1969326574174,"IPCC_normative","RECC","North America","Residential","2"
2039,0.604897042884546,"IPCC_normative","RECC","North America","Residential","2"
2040,0.0159503266403375,"IPCC_normative","RECC","North America","Residential","2"
2041,-0.000818556045763835,"IPCC_normative","RECC","North America","Residential","2"
2042,-0.0175149490027313,"IPCC_normative","RECC","North America","Residential","2"
2043,-0.0341425060772519,"IPCC_normative","RECC","North America","Residential","2"
2044,-0.0507052368185294,"IPCC_normative","RECC","North America","Residential","2"
2045,-0.0672066811122161,"IPCC_normative","RECC","North America","Residential","2"
2046,-0.0836435894465121,"IPCC_normative","RECC","North America","Residential","2"
2047,-0.100025894936774,"IPCC_normative","RECC","North America","Residential","2"
2048,-0.116357414356401,"IPCC_normative","RECC","North America","Residential","2"
2049,-0.132641886421379,"IPCC_normative","RECC","North America","Residential","2"
2050,-0.14888117760724,"IPCC_normative","RECC","North America","Residential","2"
2020,34.8657705485899,"IPCC_normative","RECC","Europe and Eurasia","Residential","1"
2021,32.8244539399708,"IPCC_normative","RECC","Europe and Eurasia","Residential","1"
2022,31.1130817358672,"IPCC_normative","RECC","Europe and Eurasia","Residential","1"
2023,29.4704876921867,"IPCC_normative","RECC","Europe and Eurasia","Residential","1"
2024,27.8926238476941,"IPCC_normative","RECC","Europe and Eurasia","Residential","1"
2025,26.3757063680493,"IPCC_normative","RECC","Europe and Eurasia","Residential","1"
2026,24.9163019246122,"IPCC_normative","RECC","Europe and Eurasia","Residential","1"
2027,23.5111701437236,"IPCC_normative","RECC","Europe and Eurasia","Residential","1"
2028,22.157353328923,"IPCC_normative","RECC","Europe and Eurasia","Residential","1"
2029,20.8521059381141,"IPCC_normative","RECC","Europe and Eurasia","Residential","1"
2030,19.5928315149214,"IPCC_normative","RECC","Europe and Eurasia","Residential","1"
2031,17.9216653820753,"IPCC_normative","RECC","Europe and Eurasia","Residential","1"
2032,16.3249358544938,"IPCC_normative","RECC","Europe and Eurasia","Residential","1"
2033,14.7977779778188,"IPCC_normative","RECC","Europe and Eurasia","Residential","1"
2034,13.3357417038779,"IPCC_normative","RECC","Europe and Eurasia","Residential","1"
2035,11.9347002845957,"IPCC_normative","RECC","Europe and Eurasia","Residential","1"
2036,10.5910114578152,"IPCC_normative","RECC","Europe and Eurasia","Residential","1"
2037,9.30117583242452,"IPCC_normative","RECC","Europe and Eurasia","Residential","1"
2038,8.06201946855503,"IPCC_normative","RECC","Europe and Eurasia","Residential","1"
2039,6.87061303697513,"IPCC_normative","RECC","Europe and Eurasia","Residential","1"
2040,5.72424869982744,"IPCC_normative","RECC","Europe and Eurasia","Residential","1"
2041,5.0934992876747,"IPCC_normative","RECC","Europe and Eurasia","Residential","1"
2042,4.48555925157031,"IPCC_normative","RECC","Europe and Eurasia","Residential","1"
2043,3.8991780207992,"IPCC_normative","RECC","Europe and Eurasia","Residential","1"
2044,3.33324660347215,"IPCC_normative","RECC","Europe and Eurasia","Residential","1"
2045,2.78671356504058,"IPCC_normative","RECC","Europe and Eurasia","Residential","1"
2046,2.2586077271866,"IPCC_normative","RECC","Europe and Eurasia","Residential","1"
2047,1.7479930244553,"IPCC_normative","RECC","Europe and Eurasia","Residential","1"
2048,1.25402478322811,"IPCC_normative","RECC","Europe and Eurasia","Residential","1"
2049,0.775906601919779,"IPCC_normative","RECC","Europe and Eurasia","Residential","1"
2050,0.312877517143081,"IPCC_normative","RECC","Europe and Eurasia","Residential","1"
2020,25.6033736209948,"IPCC_normative","RECC","Europe and Eurasia","Residential","2"
2021,24.0352044114799,"IPCC_normative","RECC","Europe and Eurasia","Residential","2"
2022,22.0226501555197,"IPCC_normative","RECC","Europe and Eurasia","Residential","2"
2023,20.0572542542106,"IPCC_normative","RECC","Europe and Eurasia","Residential","2"
2024,18.1369468915014,"IPCC_normative","RECC","Europe and Eurasia","Residential","2"
2025,16.2597738873108,"IPCC_normative","RECC","Europe and Eurasia","Residential","2"
2026,14.4849178272365,"IPCC_normative","RECC","Europe and Eurasia","Residential","2"
2027,12.7317964136662,"IPCC_normative","RECC","Europe and Eurasia","Residential","2"
2028,11.0004338496837,"IPCC_normative","RECC","Europe and Eurasia","Residential","2"
2029,9.29077310574857,"IPCC_normative","RECC","Europe and Eurasia","Residential","2"
2030,7.60268945050666,"IPCC_normative","RECC","Europe and Eurasia","Residential","2"
2031,6.82405513029983,"IPCC_normative","RECC","Europe and Eurasia","Residential","2"
2032,6.05144142790552,"IPCC_normative","RECC","Europe and Eurasia","Residential","2"
2033,5.28456500560448,"IPCC_normative","RECC","Europe and Eurasia","Residential","2"
2034,4.5231597570214,"IPCC_normative","RECC","Europe and Eurasia","Residential","2"
2035,3.76696164320539,"IPCC_normative","RECC","Europe and Eurasia","Residential","2"
2036,3.01633426308291,"IPCC_normative","RECC","Europe and Eurasia","Residential","2"
2037,2.27020073683136,"IPCC_normative","RECC","Europe and Eurasia","Residential","2"
2038,1.52833080932097,"IPCC_normative","RECC","Europe and Eurasia","Residential","2"
2039,0.79051016612277,"IPCC_normative","RECC","Europe and Eurasia","Residential","2"
2040,0.0565390428962763,"IPCC_normative","RECC","Europe and Eurasia","Residential","2"
2041,0.0356409288209316,"IPCC_normative","RECC","Europe and Eurasia","Residential","2"
2042,0.0148331546124158,"IPCC_normative","RECC","Europe and Eurasia","Residential","2"
2043,-0.00588883331261414,"IPCC_normative","RECC","Europe and Eurasia","Residential","2"
2044,-0.0265300318295147,"IPCC_normative","RECC","Europe and Eurasia","Residential","2"
2045,-0.0470948524984096,"IPCC_normative","RECC","Europe and Eurasia","Residential","2"
2046,-0.0675792456357536,"IPCC_normative","RECC","Europe and Eurasia","Residential","2"
2047,-0.0879955903237875,"IPCC_normative","RECC","Europe and Eurasia","Residential","2"
2048,-0.108348643192238,"IPCC_normative","RECC","Europe and Eurasia","Residential","2"
2049,-0.128643063592277,"IPCC_normative","RECC","Europe and Eurasia","Residential","2"
2050,-0.14888117760724,"IPCC_normative","RECC","Europe and Eurasia","Residential","2"
2020,3.02591612931959,"IPCC_normative","RECC","Africa","Residential","1"
2021,2.91694749958675,"IPCC_normative","RECC","Africa","Residential","1"
2022,2.84627673491428,"IPCC_normative","RECC","Africa","Residential","1"
2023,2.77150568828656,"IPCC_normative","RECC","Africa","Residential","1"
2024,2.69328017014481,"IPCC_normative","RECC","Africa","Residential","1"
2025,2.61216144919602,"IPCC_normative","RECC","Africa","Residential","1"
2026,2.52864667891387,"IPCC_normative","RECC","Africa","Residential","1"
2027,2.44316643013794,"IPCC_normative","RECC","Africa","Residential","1"
2028,2.3561024253703,"IPCC_normative","RECC","Africa","Residential","1"
2029,2.26778990109117,"IPCC_normative","RECC","Africa","Residential","1"
2030,2.1785190609307,"IPCC_normative","RECC","Africa","Residential","1"
2031,2.03414618785816,"IPCC_normative","RECC","Africa","Residential","1"
2032,1.89312943480938,"IPCC_normative","RECC","Africa","Residential","1"
2033,1.75544601802442,"IPCC_normative","RECC","Africa","Residential","1"
2034,1.62105869052123,"IPCC_normative","RECC","Africa","Residential","1"
2035,1.48990956531963,"IPCC_normative","RECC","Africa","Residential","1"
2036,1.36196130274275,"IPCC_normative","RECC","Africa","Residential","1"
2037,1.23713955343784,"IPCC_normative","RECC","Africa","Residential","1"
2038,1.11537569387237,"IPCC_normative","RECC","Africa","Residential","1"
2039,0.996597648481432,"IPCC_normative","RECC","Africa","Residential","1"
2040,0.880731026446015,"IPCC_normative","RECC","Africa","Residential","1"
2041,0.817729747135261,"IPCC_normative","RECC","Africa","Residential","1"
2042,0.75621219761653,"IPCC_normative","RECC","Africa","Residential","1"
2043,0.696134097709965,"IPCC_normative","RECC","Africa","Residential","1"
2044,0.637461801311348,"IPCC_normative","RECC","Africa","Residential","1"
2045,0.580157866611113,"IPCC_normative","RECC","Africa","Residential","1"
2046,0.524186740135254,"IPCC_normative","RECC","Africa","Residential","1"
2047,0.469507875391064,"IPCC_normative","RECC","Africa","Residential","1"
2048,0.416087002735344,"IPCC_normative","RECC","Africa","Residential","1"
2049,0.363889082143384,"IPCC_normative","RECC","Africa","Residential","1"
2050,0.312877517143081,"IPCC_normative","RECC","Africa","Residential","1"
2020,1.57268034986234,"IPCC_normative","RECC","Africa","Residential","2"
2021,1.50034425508283,"IPCC_normative","RECC","Africa","Residential","2"
2022,1.40379702015105,"IPCC_normative","RECC","Africa","Residential","2"
2023,1.30175971795401,"IPCC_normative","RECC","Africa","Residential","2"
2024,1.1948441997923,"IPCC_normative","RECC","Africa","Residential","2"
2025,1.08359849967256,"IPCC_normative","RECC","Africa","Residential","2"
2026,0.973193522278687,"IPCC_normative","RECC","Africa","Residential","2"
2027,0.858182479596882,"IPCC_normative","RECC","Africa","Residential","2"
2028,0.739007386416484,"IPCC_normative","RECC","Africa","Residential","2"
2029,0.616072242998289,"IPCC_normative","RECC","Africa","Residential","2"
2030,0.489746369821353,"IPCC_normative","RECC","Africa","Residential","2"
2031,0.431442953575203,"IPCC_normative","RECC","Africa","Residential","2"
2032,0.372108571022896,"IPCC_normative","RECC","Africa","Residential","2"
2033,0.311833479081158,"IPCC_normative","RECC","Africa","Residential","2"
2034,0.250698830651123,"IPCC_normative","RECC","Africa","Residential","2"
2035,0.188775248924151,"IPCC_normative","RECC","Africa","Residential","2"
2036,0.126183552123535,"IPCC_normative","RECC","Africa","Residential","2"
2037,0.062908086128788,"IPCC_normative","RECC","Africa","Residential","2"
2038,-0.000999583168719564,"IPCC_normative","RECC","Africa","Residential","2"
2039,-0.0654925640594234,"IPCC_normative","RECC","Africa","Residential","2"
2040,-0.130528141901702,"IPCC_normative","RECC","Africa","Residential","2"
2041,-0.132290503721697,"IPCC_normative","RECC","Africa","Residential","2"
2042,-0.134071729472047,"IPCC_normative","RECC","Africa","Residential","2"
2043,-0.135870753355389,"IPCC_normative","RECC","Africa","Residential","2"
2044,-0.137686509013184,"IPCC_normative","RECC","Africa","Residential","2"
2045,-0.139518042704117,"IPCC_normative","RECC","Africa","Residential","2"
2046,-0.141363695104875,"IPCC_normative","RECC","Africa","Residential","2"
2047,-0.143223485460503,"IPCC_normative","RECC","Africa","Residential","2"
2048,-0.145096738536032,"IPCC_normative","RECC","Africa","Residential","2"
2049,-0.146982871945187,"IPCC_normative","RECC","Africa","Residential","2"
2050,-0.14888117760724,"IPCC_normative","RECC","Africa","Residential","2"
2020,72.2689075630252,"IPCC_normative","RECC","Asia Pacific Developed","Residential","1"
2021,68.0178875662547,"IPCC_normative","RECC","Asia Pacific Developed","Residential","1"
2022,64.4539732617102,"IPCC_normative","RECC","Asia Pacific Developed","Residential","1"
2023,61.033288740368,"IPCC_normative","RECC","Asia Pacific Developed","Residential","1"
2024,57.7474041662663,"IPCC_normative","RECC","Asia Pacific Developed","Residential","1"
2025,54.5884397448759,"IPCC_normative","RECC","Asia Pacific Developed","Residential","1"
2026,51.5492456060385,"IPCC_normative","RECC","Asia Pacific Developed","Residential","1"
2027,48.6230737062782,"IPCC_normative","RECC","Asia Pacific Developed","Residential","1"
2028,45.8037646743612,"IPCC_normative","RECC","Asia Pacific Developed","Residential","1"
2029,43.085600948248,"IPCC_normative","RECC","Asia Pacific Developed","Residential","1"
2030,40.4631754353163,"IPCC_normative","RECC","Asia Pacific Developed","Residential","1"
2031,36.9829898439884,"IPCC_normative","RECC","Asia Pacific Developed","Residential","1"
2032,33.6578176867038,"IPCC_normative","RECC","Asia Pacific Developed","Residential","1"
2033,30.4775277480632,"IPCC_normative","RECC","Asia Pacific Developed","Residential","1"
2034,27.4328528503602,"IPCC_normative","RECC","Asia Pacific Developed","Residential","1"
2035,24.5151990848814,"IPCC_normative","RECC","Asia Pacific Developed","Residential","1"
2036,21.7169814796539,"IPCC_normative","RECC","Asia Pacific Developed","Residential","1"
2037,19.0309125901287,"IPCC_normative","RECC","Asia Pacific Developed","Residential","1"
2038,16.4503827204883,"IPCC_normative","RECC","Asia Pacific Developed","Residential","1"
2039,13.9692915739496,"IPCC_normative","RECC","Asia Pacific Developed","Residential","1"
2040,11.5820001071467,"IPCC_normative","RECC","Asia Pacific Developed","Residential","1"
2041,10.268471204922,"IPCC_normative","RECC","Asia Pacific Developed","Residential","1"
2042,9.00244258427334,"IPCC_normative","RECC","Asia Pacific Developed","Residential","1"
2043,7.78130994506695,"IPCC_normative","RECC","Asia Pacific Developed","Residential","1"
2044,6.60276382355889,"IPCC_normative","RECC","Asia Pacific Developed","Residential","1"
2045,5.46461461855142,"IPCC_normative","RECC","Asia Pacific Developed","Residential","1"
2046,4.36483986158848,"IPCC_normative","RECC","Asia Pacific Developed","Residential","1"
2047,3.30149020637541,"IPCC_normative","RECC","Asia Pacific Developed","Residential","1"
2048,2.27280662913902,"IPCC_normative","RECC","Asia Pacific Developed","Residential","1"
2049,1.27713063209895,"IPCC_normative","RECC","Asia Pacific Developed","Residential","1"
2050,0.312877517143081,"IPCC_normative","RECC","Asia Pacific Developed","Residential","1"
2020,68.9075630252101,"IPCC_normative","RECC","Asia Pacific Developed","Residential","2"
2021,64.7024093264622,"IPCC_normative","RECC","Asia Pacific Developed","Residential","2"
2022,59.3056065311822,"IPCC_normative","RECC","Asia Pacific Developed","Residential","2"
2023,54.035262110601,"IPCC_normative","RECC","Asia Pacific Developed","Residential","2"
2024,48.8858257104771,"IPCC_normative","RECC","Asia Pacific Developed","Residential","2"
2025,43.8520570623834,"IPCC_normative","RECC","Asia Pacific Developed","Residential","2"
2026,39.0926583441319,"IPCC_normative","RECC","Asia Pacific Developed","Residential","2"
2027,34.3915425768416,"IPCC_normative","RECC","Asia Pacific Developed","Residential","2"
2028,29.7487746627485,"IPCC_normative","RECC","Asia Pacific Developed","Residential","2"
2029,25.164201673213,"IPCC_normative","RECC","Asia Pacific Developed","Residential","2"
2030,20.637489132522,"IPCC_normative","RECC","Asia Pacific Developed","Residential","2"
2031,18.5495275964052,"IPCC_normative","RECC","Asia Pacific Developed","Residential","2"
2032,16.4777107614529,"IPCC_normative","RECC","Asia Pacific Developed","Residential","2"
2033,14.4212788380641,"IPCC_normative","RECC","Asia Pacific Developed","Residential","2"
2034,12.3795182436728,"IPCC_normative","RECC","Asia Pacific Developed","Residential","2"
2035,10.351720939654,"IPCC_normative","RECC","Asia Pacific Developed","Residential","2"
2036,8.33886194156153,"IPCC_normative","RECC","Asia Pacific Developed","Residential","2"
2037,6.33805352201145,"IPCC_normative","RECC","Asia Pacific Developed","Residential","2"
2038,4.34867823602096,"IPCC_normative","RECC","Asia Pacific Developed","Residential","2"
2039,2.37016138469385,"IPCC_normative","RECC","Asia Pacific Developed","Residential","2"
2040,0.401967286198018,"IPCC_normative","RECC","Asia Pacific Developed","Residential","2"
2041,0.345927554536677,"IPCC_normative","RECC","Asia Pacific Developed","Residential","2"
2042,0.290130075447848,"IPCC_normative","RECC","Asia Pacific Developed","Residential","2"
2043,0.234562638184297,"IPCC_normative","RECC","Asia Pacific Developed","Residential","2"
2044,0.179211843280738,"IPCC_normative","RECC","Asia Pacific Developed","Residential","2"
2045,0.124065860834977,"IPCC_normative","RECC","Asia Pacific Developed","Residential","2"
2046,0.0691355503522471,"IPCC_normative","RECC","Asia Pacific Developed","Residential","2"
2047,0.0143877164712607,"IPCC_normative","RECC","Asia Pacific Developed","Residential","2"
2048,-0.0401903960380747,"IPCC_normative","RECC","Asia Pacific Developed","Residential","2"
2049,-0.0946112815467048,"IPCC_normative","RECC","Asia Pacific Developed","Residential","2"
2050,-0.14888117760724,"IPCC_normative","RECC","Asia Pacific Developed","Residential","2"
2020,5.02105604146421,"IPCC_normative","RECC","Latin America and Caribbean","Residential","1"
2021,4.74290616239927,"IPCC_normative","RECC","Latin America and Caribbean","Residential","1"
2022,4.50971452049688,"IPCC_normative","RECC","Latin America and Caribbean","Residential","1"
2023,4.28589459336094,"IPCC_normative","RECC","Latin America and Caribbean","Residential","1"
2024,4.07089480563892,"IPCC_normative","RECC","Latin America and Caribbean","Residential","1"
2025,3.86419957191909,"IPCC_normative","RECC","Latin America and Caribbean","Residential","1"
2026,3.66534106670983,"IPCC_normative","RECC","Latin America and Caribbean","Residential","1"
2027,3.47387775657253,"IPCC_normative","RECC","Latin America and Caribbean","Residential","1"
2028,3.28940662567451,"IPCC_normative","RECC","Latin America and Caribbean","Residential","1"
2029,3.11155356634487,"IPCC_normative","RECC","Latin America and Caribbean","Residential","1"
2030,2.9399647853387,"IPCC_normative","RECC","Latin America and Caribbean","Residential","1"
2031,2.71225162424165,"IPCC_normative","RECC","Latin America and Caribbean","Residential","1"
2032,2.49468119782131,"IPCC_normative","RECC","Latin America and Caribbean","Residential","1"
2033,2.28659060721098,"IPCC_normative","RECC","Latin America and Caribbean","Residential","1"
2034,2.08737348867672,"IPCC_normative","RECC","Latin America and Caribbean","Residential","1"
2035,1.89646753136817,"IPCC_normative","RECC","Latin America and Caribbean","Residential","1"
2036,1.71337644050464,"IPCC_normative","RECC","Latin America and Caribbean","Residential","1"
2037,1.53762338891959,"IPCC_normative","RECC","Latin America and Caribbean","Residential","1"
2038,1.36877589544527,"IPCC_normative","RECC","Latin America and Caribbean","Residential","1"
2039,1.20643480956868,"IPCC_normative","RECC","Latin America and Caribbean","Residential","1"
2040,1.05023116119995,"IPCC_normative","RECC","Latin America and Caribbean","Residential","1"
2041,0.964285222206569,"IPCC_normative","RECC","Latin America and Caribbean","Residential","1"
2042,0.881447289664807,"IPCC_normative","RECC","Latin America and Caribbean","Residential","1"
2043,0.801546960761266,"IPCC_normative","RECC","Latin America and Caribbean","Residential","1"
2044,0.724433124218754,"IPCC_normative","RECC","Latin America and Caribbean","Residential","1"
2045,0.649962511525524,"IPCC_normative","RECC","Latin America and Caribbean","Residential","1"
2046,0.578002789886882,"IPCC_normative","RECC","Latin America and Caribbean","Residential","1"
2047,0.508426410988184,"IPCC_normative","RECC","Latin America and Caribbean","Residential","1"
2048,0.4411182795699,"IPCC_normative","RECC","Latin America and Caribbean","Residential","1"
2049,0.375969877921603,"IPCC_normative","RECC","Latin America and Caribbean","Residential","1"
2050,0.312877517143081,"IPCC_normative","RECC","Latin America and Caribbean","Residential","1"
2020,6.74873123852716,"IPCC_normative","RECC","Latin America and Caribbean","Residential","2"
2021,6.32870497307033,"IPCC_normative","RECC","Latin America and Caribbean","Residential","2"
2022,5.78965239951438,"IPCC_normative","RECC","Latin America and Caribbean","Residential","2"
2023,5.26323095496478,"IPCC_normative","RECC","Latin America and Caribbean","Residential","2"
2024,4.74888624956305,"IPCC_normative","RECC","Latin America and Caribbean","Residential","2"
2025,4.24609486596582,"IPCC_normative","RECC","Latin America and Caribbean","Residential","2"
2026,3.77070856319111,"IPCC_normative","RECC","Latin America and Caribbean","Residential","2"
2027,3.30114377658103,"IPCC_normative","RECC","Latin America and Caribbean","Residential","2"
2028,2.83740698881036,"IPCC_normative","RECC","Latin America and Caribbean","Residential","2"
2029,2.37948292480238,"IPCC_normative","RECC","Latin America and Caribbean","Residential","2"
2030,1.92733817588889,"IPCC_normative","RECC","Latin America and Caribbean","Residential","2"
2031,1.71878487456871,"IPCC_normative","RECC","Latin America and Caribbean","Residential","2"
2032,1.5118441655633,"IPCC_normative","RECC","Latin America and Caribbean","Residential","2"
2033,1.30644015828424,"IPCC_normative","RECC","Latin America and Caribbean","Residential","2"
2034,1.10250157747221,"IPCC_normative","RECC","Latin America and Caribbean","Residential","2"
2035,0.899957701617201,"IPCC_normative","RECC","Latin America and Caribbean","Residential","2"
2036,0.698905918869837,"IPCC_normative","RECC","Latin America and Caribbean","Residential","2"
2037,0.499057792365348,"IPCC_normative","RECC","Latin America and Caribbean","Residential","2"
2038,0.30035164942092,"IPCC_normative","RECC","Latin America and Caribbean","Residential","2"
2039,0.102730086990571,"IPCC_normative","RECC","Latin America and Caribbean","Residential","2"
2040,-0.093860400803376,"IPCC_normative","RECC","Latin America and Caribbean","Residential","2"
2041,-0.0994578559484578,"IPCC_normative","RECC","Latin America and Caribbean","Residential","2"
2042,-0.105031114012857,"IPCC_normative","RECC","Latin America and Caribbean","Residential","2"
2043,-0.110581394651057,"IPCC_normative","RECC","Latin America and Caribbean","Residential","2"
2044,-0.116110036251085,"IPCC_normative","RECC","Latin America and Caribbean","Residential","2"
2045,-0.121618220427216,"IPCC_normative","RECC","Latin America and Caribbean","Residential","2"
2046,-0.127104862492003,"IPCC_normative","RECC","Latin America and Caribbean","Residential","2"
2047,-0.132573278120599,"IPCC_normative","RECC","Latin America and Caribbean","Residential","2"
2048,-0.138024741352443,"IPCC_normative","RECC","Latin America and Caribbean","Residential","2"
2049,-0.143460500171401,"IPCC_normative","RECC","Latin America and Caribbean","Residential","2"
2050,-0.14888117760724,"IPCC_normative","RECC","Latin America and Caribbean","Residential","2"
2020,10.172492098999,"IPCC_normative","RECC","Southeast Asia and Developing Pacific","Residential","1"
2021,9.65298558253385,"IPCC_normative","RECC","Southeast Asia and Developing Pacific","Residential","1"
2022,9.29045948475495,"IPCC_normative","RECC","Southeast Asia and Developing Pacific","Residential","1"
2023,8.92900687337382,"IPCC_normative","RECC","Southeast Asia and Developing Pacific","Residential","1"
2024,8.56935111097793,"IPCC_normative","RECC","Southeast Asia and Developing Pacific","Residential","1"
2025,8.21208590665749,"IPCC_normative","RECC","Southeast Asia and Developing Pacific","Residential","1"
2026,7.85772639799675,"IPCC_normative","RECC","Southeast Asia and Developing Pacific","Residential","1"
2027,7.50668362982534,"IPCC_normative","RECC","Southeast Asia and Developing Pacific","Residential","1"
2028,7.15931084087084,"IPCC_normative","RECC","Southeast Asia and Developing Pacific","Residential","1"
2029,6.81589878123561,"IPCC_normative","RECC","Southeast Asia and Developing Pacific","Residential","1"
2030,6.47667024248232,"IPCC_normative","RECC","Southeast Asia and Developing Pacific","Residential","1"
2031,5.96323098526028,"IPCC_normative","RECC","Southeast Asia and Developing Pacific","Residential","1"
2032,5.46896735780085,"IPCC_normative","RECC","Southeast Asia and Developing Pacific","Residential","1"
2033,4.99286225676359,"IPCC_normative","RECC","Southeast Asia and Developing Pacific","Residential","1"
2034,4.53396561087266,"IPCC_normative","RECC","Southeast Asia and Developing Pacific","Residential","1"
2035,4.09135934106864,"IPCC_normative","RECC","Southeast Asia and Developing Pacific","Residential","1"
2036,3.66427676703029,"IPCC_normative","RECC","Southeast Asia and Developing Pacific","Residential","1"
2037,3.25190637198301,"IPCC_normative","RECC","Southeast Asia and Developing Pacific","Residential","1"
2038,2.85352000738885,"IPCC_normative","RECC","Southeast Asia and Developing Pacific","Residential","1"
2039,2.46843514030166,"IPCC_normative","RECC","Southeast Asia and Developing Pacific","Residential","1"
2040,2.09601151583025,"IPCC_normative","RECC","Southeast Asia and Developing Pacific","Residential","1"
2041,1.89215042551486,"IPCC_normative","RECC","Southeast Asia and Developing Pacific","Residential","1"
2042,1.69467190557559,"IPCC_normative","RECC","Southeast Asia and Developing Pacific","Residential","1"
2043,1.50326654258242,"IPCC_normative","RECC","Southeast Asia and Developing Pacific","Residential","1"
2044,1.31767542293649,"IPCC_normative","RECC","Southeast Asia and Developing Pacific","Residential","1"
2045,1.13764311226304,"IPCC_normative","RECC","Southeast Asia and Developing Pacific","Residential","1"
2046,0.962933656791793,"IPCC_normative","RECC","Southeast Asia and Developing Pacific","Residential","1"
2047,0.793307925729197,"IPCC_normative","RECC","Southeast Asia and Developing Pacific","Residential","1"
2048,0.628557024225033,"IPCC_normative","RECC","Southeast Asia and Developing Pacific","Residential","1"
2049,0.46847940216276,"IPCC_normative","RECC","Southeast Asia and Developing Pacific","Residential","1"
2050,0.312877517143081,"IPCC_normative","RECC","Southeast Asia and Developing Pacific","Residential","1"
2020,15.8248245055742,"IPCC_normative","RECC","Southeast Asia and Developing Pacific","Residential","2"
2021,14.9539524733388,"IPCC_normative","RECC","Southeast Asia and Developing Pacific","Residential","2"
2022,13.8991792781159,"IPCC_normative","RECC","Southeast Asia and Developing Pacific","Residential","2"
2023,12.8306330700599,"IPCC_normative","RECC","Southeast Asia and Developing Pacific","Residential","2"
2024,11.7507597223589,"IPCC_normative","RECC","Southeast Asia and Developing Pacific","Residential","2"
2025,10.661721334806,"IPCC_normative","RECC","Southeast Asia and Developing Pacific","Residential","2"
2026,9.60611195015361,"IPCC_normative","RECC","Southeast Asia and Developing Pacific","Residential","2"
2027,8.53384911062096,"IPCC_normative","RECC","Southeast Asia and Developing Pacific","Residential","2"
2028,7.44713422776862,"IPCC_normative","RECC","Southeast Asia and Developing Pacific","Residential","2"
2029,6.34795675418564,"IPCC_normative","RECC","Southeast Asia and Developing Pacific","Residential","2"
2030,5.23811460846597,"IPCC_normative","RECC","Southeast Asia and Developing Pacific","Residential","2"
2031,4.71493046903045,"IPCC_normative","RECC","Southeast Asia and Developing Pacific","Residential","2"
2032,4.19124637917318,"IPCC_normative","RECC","Southeast Asia and Developing Pacific","Residential","2"
2033,3.66721389911277,"IPCC_normative","RECC","Southeast Asia and Developing Pacific","Residential","2"
2034,3.14296428290929,"IPCC_normative","RECC","Southeast Asia and Developing Pacific","Residential","2"
2035,2.61859082018881,"IPCC_normative","RECC","Southeast Asia and Developing Pacific","Residential","2"
2036,2.09463944323835,"IPCC_normative","RECC","Southeast Asia and Developing Pacific","Residential","2"
2037,1.57057788862073,"IPCC_normative","RECC","Southeast Asia and Developing Pacific","Residential","2"
2038,1.04646251129625,"IPCC_normative","RECC","Southeast Asia and Developing Pacific","Residential","2"
2039,0.522342377425565,"IPCC_normative","RECC","Southeast Asia and Developing Pacific","Residential","2"
2040,-0.00173982568281225,"IPCC_normative","RECC","Southeast Asia and Developing Pacific","Residential","2"
2041,-0.0163750082950118,"IPCC_normative","RECC","Southeast Asia and Developing Pacific","Residential","2"
2042,-0.0310311307169572,"IPCC_normative","RECC","Southeast Asia and Developing Pacific","Residential","2"
2043,-0.0457072607650175,"IPCC_normative","RECC","Southeast Asia and Developing Pacific","Residential","2"
2044,-0.0604018853312366,"IPCC_normative","RECC","Southeast Asia and Developing Pacific","Residential","2"
2045,-0.0751138666788422,"IPCC_normative","RECC","Southeast Asia and Developing Pacific","Residential","2"
2046,-0.0898360584842675,"IPCC_normative","RECC","Southeast Asia and Developing Pacific","Residential","2"
2047,-0.104574108255013,"IPCC_normative","RECC","Southeast Asia and Developing Pacific","Residential","2"
2048,-0.119327777079844,"IPCC_normative","RECC","Southeast Asia and Developing Pacific","Residential","2"
2049,-0.134097192539824,"IPCC_normative","RECC","Southeast Asia and Developing Pacific","Residential","2"
2050,-0.14888117760724,"IPCC_normative","RECC","Southeast Asia and Developing Pacific","Residential","2"
2020,11.6375586536344,"IPCC_normative","RECC","Eastern Asia","Residential","1"
2021,10.9685188811848,"IPCC_normative","RECC","Eastern Asia","Residential","1"
2022,10.4076181050996,"IPCC_normative","RECC","Eastern Asia","Residential","1"
2023,9.86925931226414,"IPCC_normative","RECC","Eastern Asia","Residential","1"
2024,9.35211578684604,"IPCC_normative","RECC","Eastern Asia","Residential","1"
2025,8.85494738037677,"IPCC_normative","RECC","Eastern Asia","Residential","1"
2026,8.37662882233123,"IPCC_normative","RECC","Eastern Asia","Residential","1"
2027,7.91609808301424,"IPCC_normative","RECC","Eastern Asia","Residential","1"
2028,7.47238577994066,"IPCC_normative","RECC","Eastern Asia","Residential","1"
2029,7.04459206403691,"IPCC_normative","RECC","Eastern Asia","Residential","1"
2030,6.63186594894671,"IPCC_normative","RECC","Eastern Asia","Residential","1"
2031,6.08414267832617,"IPCC_normative","RECC","Eastern Asia","Residential","1"
2032,5.56081594141232,"IPCC_normative","RECC","Eastern Asia","Residential","1"
2033,5.06029125357543,"IPCC_normative","RECC","Eastern Asia","Residential","1"
2034,4.58111011533338,"IPCC_normative","RECC","Eastern Asia","Residential","1"
2035,4.12191998853424,"IPCC_normative","RECC","Eastern Asia","Residential","1"
2036,3.68152712487136,"IPCC_normative","RECC","Eastern Asia","Residential","1"
2037,3.25878460190108,"IPCC_normative","RECC","Eastern Asia","Residential","1"
2038,2.85265216354622,"IPCC_normative","RECC","Eastern Asia","Residential","1"
2039,2.46216972465672,"IPCC_normative","RECC","Eastern Asia","Residential","1"
2040,2.08644979369095,"IPCC_normative","RECC","Eastern Asia","Residential","1"
2041,1.87972221336481,"IPCC_normative","RECC","Eastern Asia","Residential","1"
2042,1.68047038652868,"IPCC_normative","RECC","Eastern Asia","Residential","1"
2043,1.48828443970036,"IPCC_normative","RECC","Eastern Asia","Residential","1"
2044,1.30280090173673,"IPCC_normative","RECC","Eastern Asia","Residential","1"
2045,1.12367516586384,"IPCC_normative","RECC","Eastern Asia","Residential","1"
2046,0.950588929218683,"IPCC_normative","RECC","Eastern Asia","Residential","1"
2047,0.783235397149064,"IPCC_normative","RECC","Eastern Asia","Residential","1"
2048,0.621337728598991,"IPCC_normative","RECC","Eastern Asia","Residential","1"
2049,0.464634903630089,"IPCC_normative","RECC","Eastern Asia","Residential","1"
2050,0.312877517143081,"IPCC_normative","RECC","Eastern Asia","Residential","1"
2020,8.40208019243474,"IPCC_normative","RECC","Eastern Asia","Residential","2"
2021,7.88137416350174,"IPCC_normative","RECC","Eastern Asia","Residential","2"
2022,7.21311137127574,"IPCC_normative","RECC","Eastern Asia","Residential","2"
2023,6.56050737366986,"IPCC_normative","RECC","Eastern Asia","Residential","2"
2024,5.92287489427916,"IPCC_normative","RECC","Eastern Asia","Residential","2"
2025,5.29956505328648,"IPCC_normative","RECC","Eastern Asia","Residential","2"
2026,4.71022925625546,"IPCC_normative","RECC","Eastern Asia","Residential","2"
2027,4.12811038543537,"IPCC_normative","RECC","Eastern Asia","Residential","2"
2028,3.55321647738992,"IPCC_normative","RECC","Eastern Asia","Residential","2"
2029,2.98552859562585,"IPCC_normative","RECC","Eastern Asia","Residential","2"
2030,2.42500532345954,"IPCC_normative","RECC","Eastern Asia","Residential","2"
2031,2.16646206013959,"IPCC_normative","RECC","Eastern Asia","Residential","2"
2032,1.90991792546842,"IPCC_normative","RECC","Eastern Asia","Residential","2"
2033,1.65527883797973,"IPCC_normative","RECC","Eastern Asia","Residential","2"
2034,1.40245643782491,"IPCC_normative","RECC","Eastern Asia","Residential","2"
2035,1.1513630516376,"IPCC_normative","RECC","Eastern Asia","Residential","2"
2036,0.902119411384724,"IPCC_normative","RECC","Eastern Asia","Residential","2"
2037,0.654367942250589,"IPCC_normative","RECC","Eastern Asia","Residential","2"
2038,0.408032188688478,"IPCC_normative","RECC","Eastern Asia","Residential","2"
2039,0.16304098821504,"IPCC_normative","RECC","Eastern Asia","Residential","2"
2040,-0.0806719903384644,"IPCC_normative","RECC","Eastern Asia","Residential","2"
2041,-0.0876111483874405,"IPCC_normative","RECC","Eastern Asia","Residential","2"
2042,-0.094520309346163,"IPCC_normative","RECC","Eastern Asia","Residential","2"
2043,-0.101400985218748,"IPCC_normative","RECC","Eastern Asia","Residential","2"
2044,-0.108254835203137,"IPCC_normative","RECC","Eastern Asia","Residential","2"
2045,-0.11508332414505,"IPCC_normative","RECC","Eastern Asia","Residential","2"
2046,-0.121885107358832,"IPCC_normative","RECC","Eastern Asia","Residential","2"
2047,-0.128664295282769,"IPCC_normative","RECC","Eastern Asia","Residential","2"
2048,-0.13542246734194,"IPCC_normative","RECC","Eastern Asia","Residential","2"
2049,-0.142161170660359,"IPCC_normative","RECC","Eastern Asia","Residential","2"
2050,-0.14888117760724,"IPCC_normative","RECC","Eastern Asia","Residential","2"
2020,18.0105292324744,"IPCC_normative","RECC","Middle East","Residential","1"
2021,16.9649869577021,"IPCC_normative","RECC","Middle East","Residential","1"
2022,16.0884389593634,"IPCC_normative","RECC","Middle East","Residential","1"
2023,15.2471184578275,"IPCC_normative","RECC","Middle East","Residential","1"
2024,14.4389521271926,"IPCC_normative","RECC","Middle East","Residential","1"
2025,13.6620019247531,"IPCC_normative","RECC","Middle East","Residential","1"
2026,12.914509333373,"IPCC_normative","RECC","Middle East","Residential","1"
2027,12.1948146655582,"IPCC_normative","RECC","Middle East","Residential","1"
2028,11.5014030182933,"IPCC_normative","RECC","Middle East","Residential","1"
2029,10.8328681519405,"IPCC_normative","RECC","Middle East","Residential","1"
2030,10.1878801871005,"IPCC_normative","RECC","Middle East","Residential","1"
2031,9.33192534272173,"IPCC_normative","RECC","Middle East","Residential","1"
2032,8.51409619489888,"IPCC_normative","RECC","Middle East","Residential","1"
2033,7.73190096189415,"IPCC_normative","RECC","Middle East","Residential","1"
2034,6.98306037283441,"IPCC_normative","RECC","Middle East","Residential","1"
2035,6.26546074797399,"IPCC_normative","RECC","Middle East","Residential","1"
2036,5.57723655648584,"IPCC_normative","RECC","Middle East","Residential","1"
2037,4.91659544468615,"IPCC_normative","RECC","Middle East","Residential","1"
2038,4.28191175181448,"IPCC_normative","RECC","Middle East","Residential","1"
2039,3.67168510427104,"IPCC_normative","RECC","Middle East","Residential","1"
2040,3.08452857415786,"IPCC_normative","RECC","Middle East","Residential","1"
2041,2.76146493355995,"IPCC_normative","RECC","Middle East","Residential","1"
2042,2.4500840308671,"IPCC_normative","RECC","Middle East","Residential","1"
2043,2.1497453360681,"IPCC_normative","RECC","Middle East","Residential","1"
2044,1.8598808344328,"IPCC_normative","RECC","Middle East","Residential","1"
2045,1.57995199153444,"IPCC_normative","RECC","Middle East","Residential","1"
2046,1.30946137939766,"IPCC_normative","RECC","Middle East","Residential","1"
2047,1.0479295545099,"IPCC_normative","RECC","Middle East","Residential","1"
2048,0.794923883357634,"IPCC_normative","RECC","Middle East","Residential","1"
2049,0.550036456887684,"IPCC_normative","RECC","Middle East","Residential","1"
2050,0.312877517143081,"IPCC_normative","RECC","Middle East","Residential","1"
2020,9.69797727902466,"IPCC_normative","RECC","Middle East","Residential","2"
2021,9.09835831894124,"IPCC_normative","RECC","Middle East","Residential","2"
2022,8.32882038722552,"IPCC_normative","RECC","Middle East","Residential","2"
2023,7.5773143384237,"IPCC_normative","RECC","Middle East","Residential","2"
2024,6.8430487394808,"IPCC_normative","RECC","Middle East","Residential","2"
2025,6.12527637292754,"IPCC_normative","RECC","Middle East","Residential","2"
2026,5.44662681229195,"IPCC_normative","RECC","Middle East","Residential","2"
2027,4.77628790209855,"IPCC_normative","RECC","Middle East","Residential","2"
2028,4.11426889685122,"IPCC_normative","RECC","Middle East","Residential","2"
2029,3.46054799023361,"IPCC_normative","RECC","Middle East","Residential","2"
2030,2.81507748886908,"IPCC_normative","RECC","Middle East","Residential","2"
2031,2.51735202752545,"IPCC_normative","RECC","Middle East","Residential","2"
2032,2.22192866251805,"IPCC_normative","RECC","Middle East","Residential","2"
2033,1.92869905434655,"IPCC_normative","RECC","Middle East","Residential","2"
2034,1.63756145223874,"IPCC_normative","RECC","Middle East","Residential","2"
2035,1.34841489594098,"IPCC_normative","RECC","Middle East","Residential","2"
2036,1.06139841433411,"IPCC_normative","RECC","Middle East","Residential","2"
2037,0.776100242185488,"IPCC_normative","RECC","Middle East","Residential","2"
2038,0.492432337120216,"IPCC_normative","RECC","Middle East","Residential","2"
2039,0.210312751989822,"IPCC_normative","RECC","Middle East","Residential","2"
2040,-0.0703348968544555,"IPCC_normative","RECC","Middle East","Residential","2"
2041,-0.0783256834057611,"IPCC_normative","RECC","Middle East","Residential","2"
2042,-0.0862819268116758,"IPCC_normative","RECC","Middle East","Residential","2"
2043,-0.0942053682203435,"IPCC_normative","RECC","Middle East","Residential","2"
2044,-0.102097918280938,"IPCC_normative","RECC","Middle East","Residential","2"
2045,-0.109961263836358,"IPCC_normative","RECC","Middle East","Residential","2"
2046,-0.117793856414014,"IPCC_normative","RECC","Middle East","Residential","2"
2047,-0.125600429388579,"IPCC_normative","RECC","Middle East","Residential","2"
2048,-0.133382801546797,"IPCC_normative","RECC","Middle East","Residential","2"
2049,-0.141142754479129,"IPCC_normative","RECC","Middle East","Residential","2"
2050,-0.14888117760724,"IPCC_normative","RECC","Middle East","Residential","2"
2020,1.68963385966723,"IPCC_normative","RECC","Southern Asia","Residential","1"
2021,1.6041466291077,"IPCC_normative","RECC","Southern Asia","Residential","1"
2022,1.54244535696114,"IPCC_normative","RECC","Southern Asia","Residential","1"
2023,1.48256849916364,"IPCC_normative","RECC","Southern Asia","Residential","1"
2024,1.42008221717104,"IPCC_normative","RECC","Southern Asia","Residential","1"
2025,1.35918469683537,"IPCC_normative","RECC","Southern Asia","Residential","1"
2026,1.30059607025235,"IPCC_normative","RECC","Southern Asia","Residential","1"
2027,1.24418625076699,"IPCC_normative","RECC","Southern Asia","Residential","1"
2028,1.18983649996222,"IPCC_normative","RECC","Southern Asia","Residential","1"
2029,1.13743659647935,"IPCC_normative","RECC","Southern Asia","Residential","1"
2030,1.08688230409126,"IPCC_normative","RECC","Southern Asia","Residential","1"
2031,1.01979238329801,"IPCC_normative","RECC","Southern Asia","Residential","1"
2032,0.955690762622357,"IPCC_normative","RECC","Southern Asia","Residential","1"
2033,0.894382135687442,"IPCC_normative","RECC","Southern Asia","Residential","1"
2034,0.835687852762672,"IPCC_normative","RECC","Southern Asia","Residential","1"
2035,0.77944224318487,"IPCC_normative","RECC","Southern Asia","Residential","1"
2036,0.725499086255306,"IPCC_normative","RECC","Southern Asia","Residential","1"
2037,0.673717896915138,"IPCC_normative","RECC","Southern Asia","Residential","1"
2038,0.623971255531926,"IPCC_normative","RECC","Southern Asia","Residential","1"
2039,0.576141562507246,"IPCC_normative","RECC","Southern Asia","Residential","1"
2040,0.530120110140646,"IPCC_normative","RECC","Southern Asia","Residential","1"
2041,0.504798314018766,"IPCC_normative","RECC","Southern Asia","Residential","1"
2042,0.480392213351904,"IPCC_normative","RECC","Southern Asia","Residential","1"
2043,0.456851603263015,"IPCC_normative","RECC","Southern Asia","Residential","1"
2044,0.434131962638044,"IPCC_normative","RECC","Southern Asia","Residential","1"
2045,0.412191081035312,"IPCC_normative","RECC","Southern Asia","Residential","1"
2046,0.390989969945454,"IPCC_normative","RECC","Southern Asia","Residential","1"
2047,0.370491050485081,"IPCC_normative","RECC","Southern Asia","Residential","1"
2048,0.350660412748379,"IPCC_normative","RECC","Southern Asia","Residential","1"
2049,0.331466084737936,"IPCC_normative","RECC","Southern Asia","Residential","1"
2050,0.312877517143081,"IPCC_normative","RECC","Southern Asia","Residential","1"
2020,3.29677089409172,"IPCC_normative","RECC","Southern Asia","Residential","2"
2021,3.07658057689098,"IPCC_normative","RECC","Southern Asia","Residential","2"
2022,2.82331916681143,"IPCC_normative","RECC","Southern Asia","Residential","2"
2023,2.57310532214304,"IPCC_normative","RECC","Southern Asia","Residential","2"
2024,2.31622583081614,"IPCC_normative","RECC","Southern Asia","Residential","2"
2025,2.06316470002323,"IPCC_normative","RECC","Southern Asia","Residential","2"
2026,1.82389688583968,"IPCC_normative","RECC","Southern Asia","Residential","2"
2027,1.5875591128454,"IPCC_normative","RECC","Southern Asia","Residential","2"
2028,1.35415464385091,"IPCC_normative","RECC","Southern Asia","Residential","2"
2029,1.12367579072088,"IPCC_normative","RECC","Southern Asia","Residential","2"
2030,0.89610573845884,"IPCC_normative","RECC","Southern Asia","Residential","2"
2031,0.791138278823615,"IPCC_normative","RECC","Southern Asia","Residential","2"
2032,0.686982456873518,"IPCC_normative","RECC","Southern Asia","Residential","2"
2033,0.583600075935433,"IPCC_normative","RECC","Southern Asia","Residential","2"
2034,0.480955262288555,"IPCC_normative","RECC","Southern Asia","Residential","2"
2035,0.379012420920953,"IPCC_normative","RECC","Southern Asia","Residential","2"
2036,0.277820568495064,"IPCC_normative","RECC","Southern Asia","Residential","2"
2037,0.177234531164352,"IPCC_normative","RECC","Southern Asia","Residential","2"
2038,0.0772232683036952,"IPCC_normative","RECC","Southern Asia","Residential","2"
2039,-0.022242111750925,"IPCC_normative","RECC","Southern Asia","Residential","2"
2040,-0.121188539170452,"IPCC_normative","RECC","Southern Asia","Residential","2"
2041,-0.12400580767343,"IPCC_normative","RECC","Southern Asia","Residential","2"
2042,-0.126810897486002,"IPCC_normative","RECC","Southern Asia","Residential","2"
2043,-0.129604422475376,"IPCC_normative","RECC","Southern Asia","Residential","2"
2044,-0.132387056268824,"IPCC_normative","RECC","Southern Asia","Residential","2"
2045,-0.135159393587444,"IPCC_normative","RECC","Southern Asia","Residential","2"
2046,-0.13792088849461,"IPCC_normative","RECC","Southern Asia","Residential","2"
2047,-0.140673209810695,"IPCC_normative","RECC","Southern Asia","Residential","2"
2048,-0.143416998775526,"IPCC_normative","RECC","Southern Asia","Residential","2"
2049,-0.146152883514842,"IPCC_normative","RECC","Southern Asia","Residential","2"
2050,-0.14888117760724,"IPCC_normative","RECC","Southern Asia","Residential","2"
